,"(mm) Precipitation (ERA5) at Peru, 2014-01-01 to 2023-07-31"
"2014-01-01",12.7741
"2014-01-02",6.5437
"2014-01-03",9.3538
"2014-01-04",17.4176
"2014-01-05",13.3024
"2014-01-06",9.9326
"2014-01-07",10.7721
"2014-01-08",12.0766
"2014-01-09",12.046
"2014-01-10",10.0961
"2014-01-11",10.115
"2014-01-12",6.1822
"2014-01-13",8.5508
"2014-01-14",5.8835
"2014-01-15",7.7393
"2014-01-16",10.9418
"2014-01-17",12.8469
"2014-01-18",8.9011
"2014-01-19",7.9832
"2014-01-20",9.608
"2014-01-21",4.7205
"2014-01-22",6.7328
"2014-01-23",13.2725
"2014-01-24",5.2914
"2014-01-25",3.3419
"2014-01-26",12.2943
"2014-01-27",13.019
"2014-01-28",5.8522
"2014-01-29",8.7056
"2014-01-30",11.3915
"2014-01-31",12.7545
"2014-02-01",11.6745
"2014-02-02",5.6851
"2014-02-03",4.7907
"2014-02-04",11.3446
"2014-02-05",18.7221
"2014-02-06",9.313
"2014-02-07",7.5638
"2014-02-08",6.9829
"2014-02-09",10.2023
"2014-02-10",10.9942
"2014-02-11",9.1405
"2014-02-12",9.4755
"2014-02-13",9.6974
"2014-02-14",10.5746
"2014-02-15",10.8658
"2014-02-16",6.9308
"2014-02-17",4.8925
"2014-02-18",7.9267
"2014-02-19",8.2963
"2014-02-20",7.3992
"2014-02-21",11.8903
"2014-02-22",11.9443
"2014-02-23",10.5571
"2014-02-24",12.37
"2014-02-25",8.8948
"2014-02-26",8.5926
"2014-02-27",9.1506
"2014-02-28",8.1654
"2014-03-01",10.6156
"2014-03-02",5.739
"2014-03-03",10.1674
"2014-03-04",12.8531
"2014-03-05",13.8542
"2014-03-06",9.9221
"2014-03-07",6.4843
"2014-03-08",11.9148
"2014-03-09",10.4914
"2014-03-10",4.6072
"2014-03-11",6.1538
"2014-03-12",10.5842
"2014-03-13",14.5714
"2014-03-14",7.4163
"2014-03-15",5.6233
"2014-03-16",14.3222
"2014-03-17",10.6454
"2014-03-18",15.6551
"2014-03-19",8.5129
"2014-03-20",4.7538
"2014-03-21",10.8334
"2014-03-22",11.784
"2014-03-23",11.9843
"2014-03-24",5.084
"2014-03-25",9.0928
"2014-03-26",11.4468
"2014-03-27",10.908
"2014-03-28",3.6751
"2014-03-29",2.0294
"2014-03-30",5.0027
"2014-03-31",8.4335
"2014-04-01",6.6762
"2014-04-02",8.5308
"2014-04-03",7.4191
"2014-04-04",6.4995
"2014-04-05",6.9671
"2014-04-06",4.1971
"2014-04-07",6.6657
"2014-04-08",6.1088
"2014-04-09",5.3755
"2014-04-10",7.9218
"2014-04-11",3.8384
"2014-04-12",4.3102
"2014-04-13",6.0299
"2014-04-14",10.7968
"2014-04-15",4.2481
"2014-04-16",2.846
"2014-04-17",3.8277
"2014-04-18",6.011
"2014-04-19",4.3116
"2014-04-20",5.7481
"2014-04-21",5.6128
"2014-04-22",6.5438
"2014-04-23",6.9589
"2014-04-24",12.278
"2014-04-25",8.9705
"2014-04-26",7.8154
"2014-04-27",4.3923
"2014-04-28",4.9039
"2014-04-29",10.4227
"2014-04-30",3.2422
"2014-05-01",1.9466
"2014-05-02",5.6113
"2014-05-03",11.3658
"2014-05-04",4.9033
"2014-05-05",2.6534
"2014-05-06",5.225
"2014-05-07",8.8642
"2014-05-08",8.8156
"2014-05-09",5.3662
"2014-05-10",4.9965
"2014-05-11",6.0363
"2014-05-12",7.6929
"2014-05-13",3.3022
"2014-05-14",6.6754
"2014-05-15",6.1971
"2014-05-16",9.804
"2014-05-17",7.4736
"2014-05-18",5.9627
"2014-05-19",3.394
"2014-05-20",4.698
"2014-05-21",2.3567
"2014-05-22",3.9065
"2014-05-23",7.549
"2014-05-24",12.1594
"2014-05-25",5.6765
"2014-05-26",2.4681
"2014-05-27",1.9041
"2014-05-28",2.319
"2014-05-29",1.6035
"2014-05-30",0.9417
"2014-05-31",1.9257
"2014-06-01",5.0431
"2014-06-02",5.2673
"2014-06-03",2.4508
"2014-06-04",2.3448
"2014-06-05",2.9099
"2014-06-06",2.6834
"2014-06-07",0.7612
"2014-06-08",0.9662
"2014-06-09",2.6356
"2014-06-10",10.9388
"2014-06-11",2.0944
"2014-06-12",2.2372
"2014-06-13",5.0225
"2014-06-14",8.954
"2014-06-15",6.7148
"2014-06-16",3.8847
"2014-06-17",1.8224
"2014-06-18",0.8794
"2014-06-19",1.2258
"2014-06-20",1.1508
"2014-06-21",1.257
"2014-06-22",2.059
"2014-06-23",2.5351
"2014-06-24",2.9509
"2014-06-25",7.4624
"2014-06-26",2.5842
"2014-06-27",3.1197
"2014-06-28",5.0296
"2014-06-29",6.8483
"2014-06-30",1.9811
"2014-07-01",1.0069
"2014-07-02",1.335
"2014-07-03",2.2911
"2014-07-04",3.2429
"2014-07-05",3.2911
"2014-07-06",3.8289
"2014-07-07",6.9282
"2014-07-08",7.7986
"2014-07-09",4.5269
"2014-07-10",1.7672
"2014-07-11",1.2981
"2014-07-12",0.7945
"2014-07-13",2.701
"2014-07-14",2.5311
"2014-07-15",1.0708
"2014-07-16",1.7308
"2014-07-17",3.1891
"2014-07-18",3.8271
"2014-07-19",8.3544
"2014-07-20",5.4533
"2014-07-21",1.174
"2014-07-22",0.9274
"2014-07-23",2.2227
"2014-07-24",3.7793
"2014-07-25",5.9514
"2014-07-26",3.2896
"2014-07-27",3.928
"2014-07-28",3.9844
"2014-07-29",1.8539
"2014-07-30",1.8084
"2014-07-31",2.1058
"2014-08-01",0.9039
"2014-08-02",1.8295
"2014-08-03",1.0938
"2014-08-04",1.1762
"2014-08-05",5.711
"2014-08-06",3.4159
"2014-08-07",2.0468
"2014-08-08",11.8913
"2014-08-09",8.7578
"2014-08-10",2.2995
"2014-08-11",1.5842
"2014-08-12",4.1375
"2014-08-13",5.205
"2014-08-14",5.0375
"2014-08-15",3.0474
"2014-08-16",1.0048
"2014-08-17",0.8307
"2014-08-18",1.8025
"2014-08-19",1.3272
"2014-08-20",0.617
"2014-08-21",0.3397
"2014-08-22",0.1689
"2014-08-23",0.3712
"2014-08-24",1.0397
"2014-08-25",1.4799
"2014-08-26",3.5076
"2014-08-27",5.9806
"2014-08-28",5.8862
"2014-08-29",5.6237
"2014-08-30",3.4449
"2014-08-31",1.3336
"2014-09-01",1.0233
"2014-09-02",1.806
"2014-09-03",2.9913
"2014-09-04",4.6816
"2014-09-05",6.7331
"2014-09-06",2.0454
"2014-09-07",0.9474
"2014-09-08",1.4526
"2014-09-09",2.303
"2014-09-10",1.9195
"2014-09-11",6.8134
"2014-09-12",8.7171
"2014-09-13",4.2323
"2014-09-14",4.2772
"2014-09-15",6.0917
"2014-09-16",5.2507
"2014-09-17",3.3994
"2014-09-18",3.6732
"2014-09-19",3.8037
"2014-09-20",3.4267
"2014-09-21",10.4648
"2014-09-22",7.8727
"2014-09-23",2.0776
"2014-09-24",2.5571
"2014-09-25",2.2498
"2014-09-26",3.9718
"2014-09-27",6.5903
"2014-09-28",7.5671
"2014-09-29",3.5643
"2014-09-30",3.0524
"2014-10-01",2.6571
"2014-10-02",4.9971
"2014-10-03",6.846
"2014-10-04",1.8193
"2014-10-05",3.9937
"2014-10-06",7.3308
"2014-10-07",10.1044
"2014-10-08",8.9785
"2014-10-09",6.3288
"2014-10-10",4.6718
"2014-10-11",12.4181
"2014-10-12",6.5426
"2014-10-13",4.2808
"2014-10-14",3.2498
"2014-10-15",3.8374
"2014-10-16",5.4329
"2014-10-17",1.5769
"2014-10-18",1.7972
"2014-10-19",5.2267
"2014-10-20",7.9404
"2014-10-21",7.9673
"2014-10-22",5.1208
"2014-10-23",3.4817
"2014-10-24",2.9818
"2014-10-25",12.0146
"2014-10-26",5.02
"2014-10-27",3.3438
"2014-10-28",6.2723
"2014-10-29",3.644
"2014-10-30",3.8534
"2014-10-31",7.7841
"2014-11-01",7.7271
"2014-11-02",8.3196
"2014-11-03",3.3254
"2014-11-04",3.4706
"2014-11-05",8.1771
"2014-11-06",13.8122
"2014-11-07",6.8257
"2014-11-08",2.4903
"2014-11-09",4.2642
"2014-11-10",8.9137
"2014-11-11",4.769
"2014-11-12",3.8999
"2014-11-13",5.8322
"2014-11-14",25.3499
"2014-11-15",12.0252
"2014-11-16",5.022
"2014-11-17",4.2141
"2014-11-18",2.1988
"2014-11-19",1.8255
"2014-11-20",5.1322
"2014-11-21",9.5607
"2014-11-22",4.1735
"2014-11-23",8.5774
"2014-11-24",8.3649
"2014-11-25",6.13
"2014-11-26",9.0856
"2014-11-27",6.7851
"2014-11-28",11.328
"2014-11-29",8.857
"2014-11-30",5.0177
"2014-12-01",5.4954
"2014-12-02",7.601
"2014-12-03",9.9053
"2014-12-04",14.4632
"2014-12-05",7.0529
"2014-12-06",2.9248
"2014-12-07",3.8773
"2014-12-08",8.6526
"2014-12-09",13.0856
"2014-12-10",6.9735
"2014-12-11",4.6683
"2014-12-12",6.4347
"2014-12-13",3.2955
"2014-12-14",7.3238
"2014-12-15",9.5897
"2014-12-16",6.7354
"2014-12-17",5.823
"2014-12-18",7.3517
"2014-12-19",5.6097
"2014-12-20",6.2677
"2014-12-21",5.5358
"2014-12-22",8.7974
"2014-12-23",9.1733
"2014-12-24",8.4698
"2014-12-25",5.5502
"2014-12-26",13.9331
"2014-12-27",12.6592
"2014-12-28",13.0707
"2014-12-29",9.486
"2014-12-30",7.6601
"2014-12-31",8.4902
"2015-01-01",7.8806
"2015-01-02",8.6561
"2015-01-03",9.3882
"2015-01-04",11.5084
"2015-01-05",8.1899
"2015-01-06",5.1885
"2015-01-07",5.2802
"2015-01-08",6.3505
"2015-01-09",8.2634
"2015-01-10",7.9969
"2015-01-11",9.447
"2015-01-12",8.0129
"2015-01-13",11.5089
"2015-01-14",7.978
"2015-01-15",8.2674
"2015-01-16",8.1052
"2015-01-17",8.1368
"2015-01-18",14.683
"2015-01-19",9.8747
"2015-01-20",12.2276
"2015-01-21",16.5805
"2015-01-22",13.4658
"2015-01-23",9.4969
"2015-01-24",7.2788
"2015-01-25",8.0738
"2015-01-26",11.8367
"2015-01-27",14.3089
"2015-01-28",12.12
"2015-01-29",7.7847
"2015-01-30",14.8595
"2015-01-31",13.7571
"2015-02-01",11.6385
"2015-02-02",7.6078
"2015-02-03",7.3209
"2015-02-04",4.9287
"2015-02-05",6.1692
"2015-02-06",6.5389
"2015-02-07",9.8566
"2015-02-08",16.8478
"2015-02-09",11.4707
"2015-02-10",9.5609
"2015-02-11",10.2059
"2015-02-12",9.726
"2015-02-13",12.7171
"2015-02-14",12.8323
"2015-02-15",10.3983
"2015-02-16",5.6123
"2015-02-17",9.3078
"2015-02-18",8.7099
"2015-02-19",4.8593
"2015-02-20",9.9579
"2015-02-21",17.7935
"2015-02-22",6.7608
"2015-02-23",6.5829
"2015-02-24",15.8541
"2015-02-25",11.8735
"2015-02-26",8.3369
"2015-02-27",7.0683
"2015-02-28",8.3383
"2015-03-01",7.5313
"2015-03-02",12.2401
"2015-03-03",8.8854
"2015-03-04",8.7963
"2015-03-05",13.7115
"2015-03-06",13.5556
"2015-03-07",12.5545
"2015-03-08",7.9818
"2015-03-09",7.8855
"2015-03-10",9.4505
"2015-03-11",8.1107
"2015-03-12",9.0624
"2015-03-13",8.1032
"2015-03-14",10.3333
"2015-03-15",12.7278
"2015-03-16",12.2098
"2015-03-17",6.8657
"2015-03-18",16.3558
"2015-03-19",14.4987
"2015-03-20",10.7025
"2015-03-21",9.8624
"2015-03-22",11.5677
"2015-03-23",7.336
"2015-03-24",8.2689
"2015-03-25",7.8396
"2015-03-26",6.2319
"2015-03-27",6.2589
"2015-03-28",11.693
"2015-03-29",11.8781
"2015-03-30",4.7152
"2015-03-31",6.9273
"2015-04-01",12.4508
"2015-04-02",12.1533
"2015-04-03",4.0122
"2015-04-04",5.644
"2015-04-05",11.1787
"2015-04-06",13.6715
"2015-04-07",12.9113
"2015-04-08",3.6791
"2015-04-09",8.3895
"2015-04-10",12.9841
"2015-04-11",10.2311
"2015-04-12",5.9786
"2015-04-13",5.273
"2015-04-14",4.667
"2015-04-15",6.138
"2015-04-16",6.3378
"2015-04-17",10.0047
"2015-04-18",7.8352
"2015-04-19",6.6593
"2015-04-20",5.3343
"2015-04-21",13.3274
"2015-04-22",6.9751
"2015-04-23",9.6795
"2015-04-24",7.1835
"2015-04-25",8.4836
"2015-04-26",9.3704
"2015-04-27",6.6289
"2015-04-28",9.5365
"2015-04-29",10.4708
"2015-04-30",6.8676
"2015-05-01",6.4709
"2015-05-02",1.9404
"2015-05-03",6.2174
"2015-05-04",10.2073
"2015-05-05",6.7948
"2015-05-06",4.0478
"2015-05-07",7.9705
"2015-05-08",4.8558
"2015-05-09",5.3886
"2015-05-10",5.3329
"2015-05-11",8.9999
"2015-05-12",11.7918
"2015-05-13",9.7045
"2015-05-14",6.4878
"2015-05-15",8.2941
"2015-05-16",11.0945
"2015-05-17",5.9012
"2015-05-18",2.8509
"2015-05-19",2.3194
"2015-05-20",5.2894
"2015-05-21",3.9413
"2015-05-22",2.0446
"2015-05-23",5.0009
"2015-05-24",2.8097
"2015-05-25",4.7693
"2015-05-26",6.8955
"2015-05-27",2.6688
"2015-05-28",7.7628
"2015-05-29",7.4282
"2015-05-30",3.9531
"2015-05-31",5.9024
"2015-06-01",4.8375
"2015-06-02",4.8823
"2015-06-03",4.4713
"2015-06-04",7.1824
"2015-06-05",5.9935
"2015-06-06",2.044
"2015-06-07",1.9169
"2015-06-08",3.7903
"2015-06-09",3.1658
"2015-06-10",3.6264
"2015-06-11",2.5839
"2015-06-12",4.8484
"2015-06-13",2.7811
"2015-06-14",1.2132
"2015-06-15",3.9285
"2015-06-16",7.582
"2015-06-17",4.1752
"2015-06-18",6.5091
"2015-06-19",6.7392
"2015-06-20",2.602
"2015-06-21",0.8425
"2015-06-22",1.2946
"2015-06-23",2.3112
"2015-06-24",4.9716
"2015-06-25",2.9711
"2015-06-26",1.8003
"2015-06-27",1.1463
"2015-06-28",1.6882
"2015-06-29",1.8093
"2015-06-30",1.8044
"2015-07-01",4.3902
"2015-07-02",2.7079
"2015-07-03",3.2137
"2015-07-04",8.5079
"2015-07-05",9.5332
"2015-07-06",4.5353
"2015-07-07",1.6007
"2015-07-08",3.2166
"2015-07-09",5.6781
"2015-07-10",2.7735
"2015-07-11",4.6183
"2015-07-12",3.4821
"2015-07-13",0.4463
"2015-07-14",1.6035
"2015-07-15",2.4121
"2015-07-16",4.6174
"2015-07-17",3.5513
"2015-07-18",4.2095
"2015-07-19",0.717
"2015-07-20",0.6437
"2015-07-21",3.7438
"2015-07-22",5.0863
"2015-07-23",3.0411
"2015-07-24",2.3796
"2015-07-25",2.3314
"2015-07-26",2.4204
"2015-07-27",2.2538
"2015-07-28",2.8607
"2015-07-29",2.9204
"2015-07-30",2.8535
"2015-07-31",0.9381
"2015-08-01",1.4555
"2015-08-02",2.1236
"2015-08-03",0.8063
"2015-08-04",2.4672
"2015-08-05",2.5849
"2015-08-06",0.5068
"2015-08-07",0.9101
"2015-08-08",2.8209
"2015-08-09",2.5806
"2015-08-10",6.4845
"2015-08-11",9.3306
"2015-08-12",5.433
"2015-08-13",3.8104
"2015-08-14",2.8346
"2015-08-15",4.0529
"2015-08-16",1.6795
"2015-08-17",2.4013
"2015-08-18",1.3034
"2015-08-19",1.4021
"2015-08-20",1.5712
"2015-08-21",0.8426
"2015-08-22",0.7813
"2015-08-23",1.3684
"2015-08-24",1.8735
"2015-08-25",1.424
"2015-08-26",0.9539
"2015-08-27",2.3866
"2015-08-28",10.4913
"2015-08-29",4.6269
"2015-08-30",0.9142
"2015-08-31",3.086
"2015-09-01",3.8001
"2015-09-02",2.8089
"2015-09-03",1.9084
"2015-09-04",4.2452
"2015-09-05",5.0564
"2015-09-06",4.0849
"2015-09-07",2.2261
"2015-09-08",1.4416
"2015-09-09",2.028
"2015-09-10",1.8691
"2015-09-11",1.543
"2015-09-12",3.1459
"2015-09-13",2.8141
"2015-09-14",1.6426
"2015-09-15",1.3639
"2015-09-16",0.6454
"2015-09-17",0.995
"2015-09-18",3.2982
"2015-09-19",6.4349
"2015-09-20",3.1004
"2015-09-21",1.6969
"2015-09-22",2.1854
"2015-09-23",4.0639
"2015-09-24",2.9335
"2015-09-25",3.4341
"2015-09-26",5.3183
"2015-09-27",4.595
"2015-09-28",3.3912
"2015-09-29",2.5722
"2015-09-30",3.6129
"2015-10-01",6.8877
"2015-10-02",4.5832
"2015-10-03",7.4167
"2015-10-04",7.7469
"2015-10-05",2.7979
"2015-10-06",2.7247
"2015-10-07",1.8245
"2015-10-08",3.3011
"2015-10-09",3.1703
"2015-10-10",2.1533
"2015-10-11",7.186
"2015-10-12",5.7087
"2015-10-13",2.8921
"2015-10-14",3.4494
"2015-10-15",6.946
"2015-10-16",9.0567
"2015-10-17",5.2483
"2015-10-18",7.6647
"2015-10-19",3.0754
"2015-10-20",2.7267
"2015-10-21",2.3438
"2015-10-22",3.4999
"2015-10-23",3.0443
"2015-10-24",5.8287
"2015-10-25",5.2472
"2015-10-26",5.8263
"2015-10-27",4.6575
"2015-10-28",3.6541
"2015-10-29",3.2452
"2015-10-30",4.8862
"2015-10-31",6.1281
"2015-11-01",6.7491
"2015-11-02",7.7187
"2015-11-03",8.6078
"2015-11-04",4.9396
"2015-11-05",7.9193
"2015-11-06",9.1095
"2015-11-07",8.599
"2015-11-08",11.1339
"2015-11-09",7.6588
"2015-11-10",4.2058
"2015-11-11",5.0263
"2015-11-12",9.0326
"2015-11-13",4.5597
"2015-11-14",7.5732
"2015-11-15",9.4537
"2015-11-16",4.0497
"2015-11-17",5.884
"2015-11-18",2.7864
"2015-11-19",2.0185
"2015-11-20",2.39
"2015-11-21",7.0608
"2015-11-22",6.7829
"2015-11-23",3.8556
"2015-11-24",2.7401
"2015-11-25",4.1049
"2015-11-26",3.852
"2015-11-27",4.4288
"2015-11-28",4.6748
"2015-11-29",7.7057
"2015-11-30",20.7546
"2015-12-01",18.167
"2015-12-02",3.3675
"2015-12-03",2.1779
"2015-12-04",2.8938
"2015-12-05",3.5565
"2015-12-06",5.036
"2015-12-07",10.5794
"2015-12-08",10.7309
"2015-12-09",8.5286
"2015-12-10",5.3518
"2015-12-11",2.2799
"2015-12-12",2.6524
"2015-12-13",2.6193
"2015-12-14",6.6887
"2015-12-15",6.3706
"2015-12-16",5.2221
"2015-12-17",6.6852
"2015-12-18",7.7393
"2015-12-19",10.145
"2015-12-20",11.5204
"2015-12-21",5.6603
"2015-12-22",7.5122
"2015-12-23",10.2673
"2015-12-24",9.1105
"2015-12-25",6.9555
"2015-12-26",10.1937
"2015-12-27",9.1049
"2015-12-28",5.1766
"2015-12-29",5.3132
"2015-12-30",6.2885
"2015-12-31",7.4606
"2016-01-01",4.5037
"2016-01-02",4.2727
"2016-01-03",5.9734
"2016-01-04",3.9734
"2016-01-05",6.3366
"2016-01-06",7.6942
"2016-01-07",6.5655
"2016-01-08",4.3491
"2016-01-09",4.1673
"2016-01-10",7.4106
"2016-01-11",8.8856
"2016-01-12",7.0804
"2016-01-13",3.5063
"2016-01-14",3.61
"2016-01-15",4.2912
"2016-01-16",4.4713
"2016-01-17",7.9289
"2016-01-18",6.6931
"2016-01-19",11.2839
"2016-01-20",8.0205
"2016-01-21",5.343
"2016-01-22",3.1431
"2016-01-23",2.2331
"2016-01-24",2.3625
"2016-01-25",4.279
"2016-01-26",7.0371
"2016-01-27",4.6428
"2016-01-28",8.0421
"2016-01-29",8.1503
"2016-01-30",7.2759
"2016-01-31",8.9013
"2016-02-01",17.3544
"2016-02-02",9.868
"2016-02-03",7.1321
"2016-02-04",8.0266
"2016-02-05",10.5958
"2016-02-06",16.0695
"2016-02-07",13.8454
"2016-02-08",10.3438
"2016-02-09",14.2994
"2016-02-10",12.8876
"2016-02-11",11.2159
"2016-02-12",9.2742
"2016-02-13",4.3842
"2016-02-14",3.1437
"2016-02-15",5.3498
"2016-02-16",7.3788
"2016-02-17",11.0177
"2016-02-18",7.7122
"2016-02-19",6.9308
"2016-02-20",7.3798
"2016-02-21",15.976
"2016-02-22",12.8687
"2016-02-23",12.6841
"2016-02-24",11.1249
"2016-02-25",10.5913
"2016-02-26",9.3312
"2016-02-27",14.9992
"2016-02-28",15.5859
"2016-02-29",9.79
"2016-03-01",6.7364
"2016-03-02",7.3735
"2016-03-03",11.8842
"2016-03-04",8.5511
"2016-03-05",10.9413
"2016-03-06",8.3582
"2016-03-07",19.2107
"2016-03-08",6.5732
"2016-03-09",4.9076
"2016-03-10",7.4886
"2016-03-11",13.2916
"2016-03-12",6.8152
"2016-03-13",8.3692
"2016-03-14",9.849
"2016-03-15",5.7737
"2016-03-16",4.2247
"2016-03-17",8.8805
"2016-03-18",5.9598
"2016-03-19",9.429
"2016-03-20",11.3407
"2016-03-21",9.2658
"2016-03-22",5.4161
"2016-03-23",4.8394
"2016-03-24",2.005
"2016-03-25",4.3716
"2016-03-26",14.9236
"2016-03-27",8.9914
"2016-03-28",4.1022
"2016-03-29",7.777
"2016-03-30",12.5761
"2016-03-31",7.5381
"2016-04-01",12.6171
"2016-04-02",8.4445
"2016-04-03",6.05
"2016-04-04",7.5608
"2016-04-05",9.3918
"2016-04-06",4.5148
"2016-04-07",5.127
"2016-04-08",5.924
"2016-04-09",8.1397
"2016-04-10",5.0037
"2016-04-11",5.5787
"2016-04-12",10.7253
"2016-04-13",6.1999
"2016-04-14",5.2782
"2016-04-15",11.1065
"2016-04-16",12.0362
"2016-04-17",9.602
"2016-04-18",5.4898
"2016-04-19",5.0642
"2016-04-20",5.0945
"2016-04-21",6.1701
"2016-04-22",8.5079
"2016-04-23",4.0681
"2016-04-24",2.0163
"2016-04-25",1.8536
"2016-04-26",4.2667
"2016-04-27",15.3556
"2016-04-28",6.2956
"2016-04-29",0.5546
"2016-04-30",1.1073
"2016-05-01",1.4463
"2016-05-02",1.0543
"2016-05-03",1.1848
"2016-05-04",3.9378
"2016-05-05",3.0999
"2016-05-06",2.2016
"2016-05-07",3.5552
"2016-05-08",5.3402
"2016-05-09",5.0195
"2016-05-10",2.8813
"2016-05-11",4.5993
"2016-05-12",7.7803
"2016-05-13",6.4843
"2016-05-14",7.9779
"2016-05-15",3.7942
"2016-05-16",3.3138
"2016-05-17",4.9712
"2016-05-18",4.3573
"2016-05-19",4.1287
"2016-05-20",5.3002
"2016-05-21",5.5506
"2016-05-22",4.987
"2016-05-23",10.4758
"2016-05-24",11.614
"2016-05-25",3.3068
"2016-05-26",0.9044
"2016-05-27",3.7204
"2016-05-28",3.6093
"2016-05-29",3.1764
"2016-05-30",1.5587
"2016-05-31",3.0776
"2016-06-01",3.7163
"2016-06-02",3.7078
"2016-06-03",2.8835
"2016-06-04",2.0637
"2016-06-05",2.8312
"2016-06-06",4.8142
"2016-06-07",3.3698
"2016-06-08",6.1105
"2016-06-09",5.8936
"2016-06-10",4.7227
"2016-06-11",5.1685
"2016-06-12",3.579
"2016-06-13",0.8138
"2016-06-14",0.4337
"2016-06-15",0.8172
"2016-06-16",1.9977
"2016-06-17",2.9917
"2016-06-18",2.7635
"2016-06-19",3.6896
"2016-06-20",4.616
"2016-06-21",2.5867
"2016-06-22",3.6678
"2016-06-23",2.6762
"2016-06-24",2.0893
"2016-06-25",2.7464
"2016-06-26",6.4685
"2016-06-27",9.6532
"2016-06-28",8.7528
"2016-06-29",1.2083
"2016-06-30",0.6566
"2016-07-01",1.3728
"2016-07-02",1.5461
"2016-07-03",1.2901
"2016-07-04",1.3153
"2016-07-05",1.697
"2016-07-06",3.8105
"2016-07-07",6.4795
"2016-07-08",3.0672
"2016-07-09",2.1576
"2016-07-10",1.8008
"2016-07-11",2.0213
"2016-07-12",1.3872
"2016-07-13",2.2738
"2016-07-14",2.3
"2016-07-15",0.9121
"2016-07-16",1.2313
"2016-07-17",4.6994
"2016-07-18",3.3308
"2016-07-19",1.7786
"2016-07-20",1.1565
"2016-07-21",1.0973
"2016-07-22",1.501
"2016-07-23",1.1191
"2016-07-24",1.8466
"2016-07-25",1.6111
"2016-07-26",1.8434
"2016-07-27",3.3566
"2016-07-28",3.3009
"2016-07-29",2.9462
"2016-07-30",1.2699
"2016-07-31",1.1392
"2016-08-01",0.6267
"2016-08-02",2.0904
"2016-08-03",3.6254
"2016-08-04",0.837
"2016-08-05",0.329
"2016-08-06",0.8083
"2016-08-07",3.2134
"2016-08-08",2.1799
"2016-08-09",3.529
"2016-08-10",9.9953
"2016-08-11",6.5901
"2016-08-12",1.1885
"2016-08-13",0.944
"2016-08-14",0.7289
"2016-08-15",1.0861
"2016-08-16",2.5003
"2016-08-17",2.5839
"2016-08-18",2.6799
"2016-08-19",2.9478
"2016-08-20",2.0268
"2016-08-21",5.5009
"2016-08-22",7.4572
"2016-08-23",0.9976
"2016-08-24",0.8417
"2016-08-25",0.9865
"2016-08-26",2.4249
"2016-08-27",1.1207
"2016-08-28",1.9991
"2016-08-29",1.109
"2016-08-30",6.1442
"2016-08-31",8.6861
"2016-09-01",6.4099
"2016-09-02",3.264
"2016-09-03",3.4003
"2016-09-04",7.5272
"2016-09-05",5.3219
"2016-09-06",1.7836
"2016-09-07",0.8113
"2016-09-08",1.053
"2016-09-09",2.7931
"2016-09-10",2.479
"2016-09-11",1.6107
"2016-09-12",0.4956
"2016-09-13",0.3238
"2016-09-14",4.0034
"2016-09-15",8.4196
"2016-09-16",3.4175
"2016-09-17",3.2674
"2016-09-18",3.4228
"2016-09-19",10.141
"2016-09-20",5.661
"2016-09-21",2.1257
"2016-09-22",3.1527
"2016-09-23",5.3617
"2016-09-24",5.1819
"2016-09-25",7.7827
"2016-09-26",3.4082
"2016-09-27",5.6386
"2016-09-28",5.8842
"2016-09-29",2.0774
"2016-09-30",2.4444
"2016-10-01",6.6642
"2016-10-02",16.5349
"2016-10-03",5.8694
"2016-10-04",4.7644
"2016-10-05",3.0005
"2016-10-06",3.7062
"2016-10-07",7.9395
"2016-10-08",5.3848
"2016-10-09",9.1661
"2016-10-10",9.868
"2016-10-11",7.2075
"2016-10-12",4.6287
"2016-10-13",5.2188
"2016-10-14",7.2984
"2016-10-15",4.4219
"2016-10-16",3.5189
"2016-10-17",4.9056
"2016-10-18",3.8014
"2016-10-19",2.7517
"2016-10-20",4.1902
"2016-10-21",5.4561
"2016-10-22",5.6181
"2016-10-23",3.3715
"2016-10-24",4.3316
"2016-10-25",5.2338
"2016-10-26",5.1123
"2016-10-27",15.4197
"2016-10-28",9.6985
"2016-10-29",1.8026
"2016-10-30",1.4547
"2016-10-31",1.4772
"2016-11-01",1.5738
"2016-11-02",5.2608
"2016-11-03",11.6473
"2016-11-04",13.7245
"2016-11-05",3.2766
"2016-11-06",2.2854
"2016-11-07",2.3312
"2016-11-08",4.3121
"2016-11-09",6.0734
"2016-11-10",7.9732
"2016-11-11",5.3899
"2016-11-12",3.5504
"2016-11-13",6.2321
"2016-11-14",3.0442
"2016-11-15",2.2362
"2016-11-16",2.8758
"2016-11-17",4.2963
"2016-11-18",10.7646
"2016-11-19",2.7039
"2016-11-20",0.6491
"2016-11-21",1.1707
"2016-11-22",4.2794
"2016-11-23",4.6768
"2016-11-24",3.5533
"2016-11-25",9.8812
"2016-11-26",6.6328
"2016-11-27",6.9206
"2016-11-28",5.2296
"2016-11-29",7.4953
"2016-11-30",11.838
"2016-12-01",7.5471
"2016-12-02",6.0846
"2016-12-03",6.3697
"2016-12-04",4.0659
"2016-12-05",5.6545
"2016-12-06",10.8437
"2016-12-07",9.4523
"2016-12-08",7.7066
"2016-12-09",4.8316
"2016-12-10",10.1493
"2016-12-11",5.7696
"2016-12-12",9.5322
"2016-12-13",3.52
"2016-12-14",6.9824
"2016-12-15",17.6354
"2016-12-16",6.7318
"2016-12-17",3.5056
"2016-12-18",4.1597
"2016-12-19",7.6526
"2016-12-20",5.7095
"2016-12-21",6.3889
"2016-12-22",9.3423
"2016-12-23",7.5238
"2016-12-24",7.4807
"2016-12-25",3.8728
"2016-12-26",6.5958
"2016-12-27",8.5178
"2016-12-28",22.7266
"2016-12-29",18.3441
"2016-12-30",9.0592
"2016-12-31",9.51
"2017-01-01",16.4322
"2017-01-02",11.169
"2017-01-03",7.955
"2017-01-04",11.1675
"2017-01-05",19.4112
"2017-01-06",18.3728
"2017-01-07",10.2375
"2017-01-08",8.516
"2017-01-09",12.0128
"2017-01-10",15.9243
"2017-01-11",11.1426
"2017-01-12",12.9278
"2017-01-13",10.9993
"2017-01-14",11.5428
"2017-01-15",13.571
"2017-01-16",8.8203
"2017-01-17",5.4096
"2017-01-18",4.836
"2017-01-19",5.6128
"2017-01-20",12.0368
"2017-01-21",14.9289
"2017-01-22",8.5596
"2017-01-23",6.564
"2017-01-24",13.0204
"2017-01-25",15.7525
"2017-01-26",13.9682
"2017-01-27",15.9921
"2017-01-28",9.3358
"2017-01-29",8.0965
"2017-01-30",5.7439
"2017-01-31",6.7191
"2017-02-01",7.4044
"2017-02-02",10.6747
"2017-02-03",10.2807
"2017-02-04",8.2965
"2017-02-05",8.3058
"2017-02-06",7.2664
"2017-02-07",8.964
"2017-02-08",7.73
"2017-02-09",7.7595
"2017-02-10",9.1794
"2017-02-11",8.154
"2017-02-12",7.4226
"2017-02-13",14.4471
"2017-02-14",13.2468
"2017-02-15",7.6034
"2017-02-16",6.3344
"2017-02-17",11.5652
"2017-02-18",8.6024
"2017-02-19",5.9169
"2017-02-20",9.9161
"2017-02-21",15.7345
"2017-02-22",11.9684
"2017-02-23",8.5174
"2017-02-24",11.8635
"2017-02-25",15.1022
"2017-02-26",18.2189
"2017-02-27",9.7681
"2017-02-28",5.0846
"2017-03-01",8.7478
"2017-03-02",11.1361
"2017-03-03",14.5421
"2017-03-04",15.2704
"2017-03-05",9.253
"2017-03-06",9.6016
"2017-03-07",11.4413
"2017-03-08",14.6098
"2017-03-09",11.253
"2017-03-10",8.9617
"2017-03-11",11.7078
"2017-03-12",6.0412
"2017-03-13",11.6871
"2017-03-14",19.3026
"2017-03-15",9.485
"2017-03-16",7.635
"2017-03-17",13.7738
"2017-03-18",14.4481
"2017-03-19",8.0977
"2017-03-20",5.0424
"2017-03-21",6.9943
"2017-03-22",12.0406
"2017-03-23",9.6205
"2017-03-24",13.1808
"2017-03-25",9.822
"2017-03-26",10.7242
"2017-03-27",10.593
"2017-03-28",7.0244
"2017-03-29",10.892
"2017-03-30",13.3587
"2017-03-31",10.0455
"2017-04-01",10.5042
"2017-04-02",5.3949
"2017-04-03",4.7788
"2017-04-04",6.8398
"2017-04-05",7.3299
"2017-04-06",8.1667
"2017-04-07",7.6984
"2017-04-08",5.3865
"2017-04-09",8.8991
"2017-04-10",8.562
"2017-04-11",15.5453
"2017-04-12",15.2637
"2017-04-13",8.7095
"2017-04-14",4.4998
"2017-04-15",7.4332
"2017-04-16",3.1986
"2017-04-17",6.118
"2017-04-18",7.5983
"2017-04-19",6.3198
"2017-04-20",5.2324
"2017-04-21",5.3988
"2017-04-22",6.2401
"2017-04-23",9.7743
"2017-04-24",5.0905
"2017-04-25",4.7572
"2017-04-26",10.1168
"2017-04-27",9.7814
"2017-04-28",9.4689
"2017-04-29",7.7404
"2017-04-30",3.9497
"2017-05-01",3.9186
"2017-05-02",3.5044
"2017-05-03",5.1108
"2017-05-04",6.3339
"2017-05-05",5.5603
"2017-05-06",11.847
"2017-05-07",5.0565
"2017-05-08",3.719
"2017-05-09",5.8005
"2017-05-10",9.6619
"2017-05-11",4.9437
"2017-05-12",1.5314
"2017-05-13",4.0738
"2017-05-14",7.0897
"2017-05-15",2.4795
"2017-05-16",6.3852
"2017-05-17",6.0582
"2017-05-18",4.3931
"2017-05-19",3.7337
"2017-05-20",6.9489
"2017-05-21",6.2507
"2017-05-22",5.7065
"2017-05-23",4.9756
"2017-05-24",7.5545
"2017-05-25",7.4366
"2017-05-26",6.5822
"2017-05-27",5.6688
"2017-05-28",5.4043
"2017-05-29",4.7066
"2017-05-30",3.1159
"2017-05-31",3.5964
"2017-06-01",5.325
"2017-06-02",6.3468
"2017-06-03",7.4407
"2017-06-04",3.2069
"2017-06-05",4.0529
"2017-06-06",1.1323
"2017-06-07",2.0999
"2017-06-08",1.5594
"2017-06-09",5.7803
"2017-06-10",13.2418
"2017-06-11",2.2982
"2017-06-12",2.3608
"2017-06-13",4.4701
"2017-06-14",5.3711
"2017-06-15",4.0331
"2017-06-16",1.8238
"2017-06-17",1.0067
"2017-06-18",1.0128
"2017-06-19",4.9456
"2017-06-20",9.1793
"2017-06-21",7.8412
"2017-06-22",0.6471
"2017-06-23",0.4016
"2017-06-24",1.2445
"2017-06-25",2.4572
"2017-06-26",1.2961
"2017-06-27",2.3762
"2017-06-28",4.7576
"2017-06-29",5.6787
"2017-06-30",4.936
"2017-07-01",6.142
"2017-07-02",4.971
"2017-07-03",1.7041
"2017-07-04",3.1332
"2017-07-05",1.9547
"2017-07-06",3.4196
"2017-07-07",3.6975
"2017-07-08",1.4542
"2017-07-09",1.3425
"2017-07-10",0.9648
"2017-07-11",1.6514
"2017-07-12",0.8549
"2017-07-13",0.4625
"2017-07-14",0.3657
"2017-07-15",0.2908
"2017-07-16",0.7087
"2017-07-17",2.6666
"2017-07-18",8.3915
"2017-07-19",1.4307
"2017-07-20",0.1754
"2017-07-21",0.1212
"2017-07-22",0.2569
"2017-07-23",0.2024
"2017-07-24",0.7365
"2017-07-25",3.5434
"2017-07-26",2.2361
"2017-07-27",1.1176
"2017-07-28",0.5797
"2017-07-29",0.9517
"2017-07-30",0.7301
"2017-07-31",1.1308
"2017-08-01",0.5009
"2017-08-02",0.3376
"2017-08-03",2.8686
"2017-08-04",3.4871
"2017-08-05",1.8122
"2017-08-06",0.8877
"2017-08-07",1.3275
"2017-08-08",1.0087
"2017-08-09",3.8002
"2017-08-10",1.7697
"2017-08-11",1.7943
"2017-08-12",1.4508
"2017-08-13",2.5887
"2017-08-14",2.8215
"2017-08-15",1.5385
"2017-08-16",2.3438
"2017-08-17",5.2747
"2017-08-18",7.3163
"2017-08-19",0.9059
"2017-08-20",2.4965
"2017-08-21",17.6561
"2017-08-22",7.6319
"2017-08-23",0.4316
"2017-08-24",2.1301
"2017-08-25",2.9323
"2017-08-26",2.2386
"2017-08-27",2.7844
"2017-08-28",4.9875
"2017-08-29",2.3293
"2017-08-30",1.6332
"2017-08-31",2.5747
"2017-09-01",3.0342
"2017-09-02",3.0813
"2017-09-03",3.1903
"2017-09-04",1.6388
"2017-09-05",3.9221
"2017-09-06",3.7885
"2017-09-07",2.4627
"2017-09-08",3.0678
"2017-09-09",4.2673
"2017-09-10",1.8618
"2017-09-11",3.8933
"2017-09-12",8.1404
"2017-09-13",2.7253
"2017-09-14",3.3811
"2017-09-15",6.5932
"2017-09-16",8.8223
"2017-09-17",6.9151
"2017-09-18",2.2195
"2017-09-19",1.0894
"2017-09-20",0.56
"2017-09-21",1.67
"2017-09-22",5.7611
"2017-09-23",8.8408
"2017-09-24",7.1865
"2017-09-25",5.7027
"2017-09-26",4.3525
"2017-09-27",5.4668
"2017-09-28",6.4573
"2017-09-29",6.3075
"2017-09-30",5.2859
"2017-10-01",0.9423
"2017-10-02",1.4617
"2017-10-03",4.5515
"2017-10-04",12.8942
"2017-10-05",1.9788
"2017-10-06",2.3955
"2017-10-07",4.7228
"2017-10-08",1.711
"2017-10-09",0.9825
"2017-10-10",2.4223
"2017-10-11",6.5521
"2017-10-12",3.1595
"2017-10-13",3.6335
"2017-10-14",9.3055
"2017-10-15",15.533
"2017-10-16",4.9629
"2017-10-17",3.4093
"2017-10-18",3.0662
"2017-10-19",2.3797
"2017-10-20",9.0922
"2017-10-21",10.4548
"2017-10-22",12.0424
"2017-10-23",9.6855
"2017-10-24",3.8808
"2017-10-25",7.7014
"2017-10-26",3.822
"2017-10-27",4.8304
"2017-10-28",4.5752
"2017-10-29",8.0594
"2017-10-30",2.8597
"2017-10-31",3.3677
"2017-11-01",8.0757
"2017-11-02",7.2387
"2017-11-03",3.1743
"2017-11-04",8.4402
"2017-11-05",8.8181
"2017-11-06",8.118
"2017-11-07",7.3544
"2017-11-08",4.2344
"2017-11-09",10.2782
"2017-11-10",9.0677
"2017-11-11",7.2782
"2017-11-12",9.3842
"2017-11-13",10.5889
"2017-11-14",4.9435
"2017-11-15",4.3918
"2017-11-16",6.4245
"2017-11-17",8.7355
"2017-11-18",6.2027
"2017-11-19",9.4069
"2017-11-20",8.8319
"2017-11-21",3.6747
"2017-11-22",4.9991
"2017-11-23",8.4904
"2017-11-24",2.6085
"2017-11-25",4.0178
"2017-11-26",5.5098
"2017-11-27",8.4638
"2017-11-28",15.5808
"2017-11-29",11.4958
"2017-11-30",2.433
"2017-12-01",4.5386
"2017-12-02",10.0012
"2017-12-03",9.9622
"2017-12-04",8.8632
"2017-12-05",12.4751
"2017-12-06",10.2951
"2017-12-07",4.2731
"2017-12-08",3.7324
"2017-12-09",3.8648
"2017-12-10",3.1565
"2017-12-11",9.3759
"2017-12-12",4.4874
"2017-12-13",2.7258
"2017-12-14",3.7483
"2017-12-15",6.0862
"2017-12-16",4.5244
"2017-12-17",6.917
"2017-12-18",6.5516
"2017-12-19",9.874
"2017-12-20",6.7388
"2017-12-21",6.0939
"2017-12-22",7.2634
"2017-12-23",6.8017
"2017-12-24",5.2699
"2017-12-25",9.5895
"2017-12-26",10.4708
"2017-12-27",9.3093
"2017-12-28",7.3814
"2017-12-29",8.5546
"2017-12-30",6.8871
"2017-12-31",10.2283
"2018-01-01",8.7063
"2018-01-02",7.8884
"2018-01-03",5.4822
"2018-01-04",13.1185
"2018-01-05",7.9009
"2018-01-06",7.6765
"2018-01-07",8.8346
"2018-01-08",14.6495
"2018-01-09",7.7787
"2018-01-10",10.7278
"2018-01-11",12.3278
"2018-01-12",8.1981
"2018-01-13",5.4379
"2018-01-14",8.8864
"2018-01-15",17.6069
"2018-01-16",10.9217
"2018-01-17",7.5482
"2018-01-18",9.5587
"2018-01-19",9.8728
"2018-01-20",9.9683
"2018-01-21",9.1877
"2018-01-22",8.3951
"2018-01-23",7.0684
"2018-01-24",5.5419
"2018-01-25",5.9657
"2018-01-26",4.7481
"2018-01-27",3.018
"2018-01-28",3.3391
"2018-01-29",4.9123
"2018-01-30",4.4273
"2018-01-31",4.9511
"2018-02-01",5.4567
"2018-02-02",7.6202
"2018-02-03",7.3308
"2018-02-04",7.5193
"2018-02-05",8.887
"2018-02-06",9.0459
"2018-02-07",5.3922
"2018-02-08",7.8131
"2018-02-09",9.8148
"2018-02-10",6.6002
"2018-02-11",6.5883
"2018-02-12",8.0223
"2018-02-13",10.4609
"2018-02-14",15.5737
"2018-02-15",17.0754
"2018-02-16",13.3249
"2018-02-17",5.4851
"2018-02-18",7.7296
"2018-02-19",10.189
"2018-02-20",9.7857
"2018-02-21",5.7694
"2018-02-22",6.7468
"2018-02-23",10.3416
"2018-02-24",4.3836
"2018-02-25",8.603
"2018-02-26",10.1858
"2018-02-27",6.09
"2018-02-28",5.717
"2018-03-01",12.506
"2018-03-02",10.3743
"2018-03-03",7.0969
"2018-03-04",4.6221
"2018-03-05",7.8655
"2018-03-06",10.8727
"2018-03-07",9.2054
"2018-03-08",7.8739
"2018-03-09",6.9194
"2018-03-10",8.0233
"2018-03-11",8.1478
"2018-03-12",8.746
"2018-03-13",5.4521
"2018-03-14",8.9115
"2018-03-15",9.1738
"2018-03-16",9.388
"2018-03-17",10.2114
"2018-03-18",7.2766
"2018-03-19",8.6505
"2018-03-20",8.3727
"2018-03-21",15.5794
"2018-03-22",9.9003
"2018-03-23",6.2128
"2018-03-24",5.3669
"2018-03-25",10.0694
"2018-03-26",15.259
"2018-03-27",9.884
"2018-03-28",2.9689
"2018-03-29",7.2639
"2018-03-30",7.5949
"2018-03-31",7.7254
"2018-04-01",8.5432
"2018-04-02",13.065
"2018-04-03",10.4869
"2018-04-04",5.5308
"2018-04-05",5.1253
"2018-04-06",7.6827
"2018-04-07",6.7375
"2018-04-08",10.8447
"2018-04-09",9.3813
"2018-04-10",4.2013
"2018-04-11",2.3031
"2018-04-12",5.8496
"2018-04-13",16.4759
"2018-04-14",8.9977
"2018-04-15",5.3198
"2018-04-16",8.3184
"2018-04-17",3.4357
"2018-04-18",4.8591
"2018-04-19",7.324
"2018-04-20",6.3658
"2018-04-21",9.4009
"2018-04-22",4.7294
"2018-04-23",7.244
"2018-04-24",8.544
"2018-04-25",7.1085
"2018-04-26",5.6396
"2018-04-27",5.5192
"2018-04-28",11.4173
"2018-04-29",7.653
"2018-04-30",5.0832
"2018-05-01",7.2918
"2018-05-02",4.9219
"2018-05-03",3.7548
"2018-05-04",7.4342
"2018-05-05",10.6353
"2018-05-06",7.2678
"2018-05-07",8.9338
"2018-05-08",4.3593
"2018-05-09",4.5839
"2018-05-10",4.1108
"2018-05-11",5.3635
"2018-05-12",10.1039
"2018-05-13",4.7094
"2018-05-14",1.4476
"2018-05-15",4.9778
"2018-05-16",8.325
"2018-05-17",7.2319
"2018-05-18",2.8737
"2018-05-19",5.9553
"2018-05-20",9.9591
"2018-05-21",7.0758
"2018-05-22",1.9658
"2018-05-23",3.1872
"2018-05-24",4.7025
"2018-05-25",2.4291
"2018-05-26",4.0215
"2018-05-27",3.9486
"2018-05-28",4.3825
"2018-05-29",4.1514
"2018-05-30",4.0892
"2018-05-31",3.9903
"2018-06-01",6.4171
"2018-06-02",10.6269
"2018-06-03",20.5985
"2018-06-04",7.7412
"2018-06-05",1.0015
"2018-06-06",0.7972
"2018-06-07",0.828
"2018-06-08",2.0297
"2018-06-09",2.7069
"2018-06-10",4.8283
"2018-06-11",7.1876
"2018-06-12",3.6311
"2018-06-13",2.2489
"2018-06-14",2.4336
"2018-06-15",3.8778
"2018-06-16",3.7211
"2018-06-17",1.2212
"2018-06-18",0.7345
"2018-06-19",0.5252
"2018-06-20",0.3894
"2018-06-21",0.5799
"2018-06-22",1.4798
"2018-06-23",1.7308
"2018-06-24",3.4066
"2018-06-25",4.3633
"2018-06-26",2.4705
"2018-06-27",2.4634
"2018-06-28",3.217
"2018-06-29",2.3631
"2018-06-30",1.8634
"2018-07-01",0.6579
"2018-07-02",0.4537
"2018-07-03",1.0595
"2018-07-04",2.4463
"2018-07-05",1.6257
"2018-07-06",1.1041
"2018-07-07",1.4097
"2018-07-08",2.3363
"2018-07-09",4.7138
"2018-07-10",9.0657
"2018-07-11",3.3535
"2018-07-12",0.8815
"2018-07-13",1.0122
"2018-07-14",1.2844
"2018-07-15",0.4825
"2018-07-16",1.1803
"2018-07-17",3.4042
"2018-07-18",4.7905
"2018-07-19",3.2045
"2018-07-20",4.8563
"2018-07-21",12.6052
"2018-07-22",6.6583
"2018-07-23",1.6678
"2018-07-24",1.5463
"2018-07-25",1.1062
"2018-07-26",1.1293
"2018-07-27",1.0149
"2018-07-28",0.7929
"2018-07-29",1.6974
"2018-07-30",2.0368
"2018-07-31",4.5917
"2018-08-01",5.1475
"2018-08-02",2.9472
"2018-08-03",3.1336
"2018-08-04",4.3567
"2018-08-05",6.4612
"2018-08-06",7.6697
"2018-08-07",5.37
"2018-08-08",3.2518
"2018-08-09",4.582
"2018-08-10",5.749
"2018-08-11",2.2886
"2018-08-12",1.5709
"2018-08-13",1.1445
"2018-08-14",1.2539
"2018-08-15",5.9594
"2018-08-16",9.4853
"2018-08-17",3.3819
"2018-08-18",1.6438
"2018-08-19",2.639
"2018-08-20",7.2762
"2018-08-21",8.1424
"2018-08-22",3.0884
"2018-08-23",0.9147
"2018-08-24",0.6806
"2018-08-25",2.8422
"2018-08-26",6.4723
"2018-08-27",3.5419
"2018-08-28",0.7459
"2018-08-29",0.7521
"2018-08-30",1.5573
"2018-08-31",1.276
"2018-09-01",2.5258
"2018-09-02",3.5759
"2018-09-03",10.4582
"2018-09-04",5.1256
"2018-09-05",0.4806
"2018-09-06",0.3414
"2018-09-07",0.3337
"2018-09-08",0.6094
"2018-09-09",1.3749
"2018-09-10",1.5806
"2018-09-11",1.8978
"2018-09-12",0.5674
"2018-09-13",1.1371
"2018-09-14",3.3431
"2018-09-15",8.1337
"2018-09-16",5.1362
"2018-09-17",3.2789
"2018-09-18",5.0123
"2018-09-19",1.9186
"2018-09-20",2.924
"2018-09-21",4.4464
"2018-09-22",3.7575
"2018-09-23",3.7155
"2018-09-24",3.357
"2018-09-25",3.1735
"2018-09-26",3.6748
"2018-09-27",2.6375
"2018-09-28",3.8524
"2018-09-29",6.7238
"2018-09-30",3.1052
"2018-10-01",4.1855
"2018-10-02",6.2079
"2018-10-03",4.575
"2018-10-04",8.1055
"2018-10-05",10.7044
"2018-10-06",4.7798
"2018-10-07",3.1517
"2018-10-08",4.1445
"2018-10-09",5.897
"2018-10-10",6.6992
"2018-10-11",9.1255
"2018-10-12",10.2355
"2018-10-13",7.3398
"2018-10-14",7.3
"2018-10-15",3.6064
"2018-10-16",3.5621
"2018-10-17",3.8204
"2018-10-18",4.0911
"2018-10-19",3.5019
"2018-10-20",7.7186
"2018-10-21",7.9921
"2018-10-22",4.1863
"2018-10-23",6.2084
"2018-10-24",8.613
"2018-10-25",11.6138
"2018-10-26",9.3734
"2018-10-27",7.9922
"2018-10-28",3.0491
"2018-10-29",5.5504
"2018-10-30",8.4508
"2018-10-31",9.092
"2018-11-01",5.0537
"2018-11-02",3.2641
"2018-11-03",3.8861
"2018-11-04",4.215
"2018-11-05",7.9375
"2018-11-06",7.0821
"2018-11-07",8.9771
"2018-11-08",8.8823
"2018-11-09",4.5696
"2018-11-10",5.112
"2018-11-11",6.7962
"2018-11-12",5.9977
"2018-11-13",8.5507
"2018-11-14",8.2301
"2018-11-15",6.6529
"2018-11-16",10.8952
"2018-11-17",7.2318
"2018-11-18",6.9452
"2018-11-19",12.6651
"2018-11-20",14.8257
"2018-11-21",7.039
"2018-11-22",6.1027
"2018-11-23",3.6275
"2018-11-24",12.8844
"2018-11-25",11.7788
"2018-11-26",11.9605
"2018-11-27",5.9788
"2018-11-28",9.5464
"2018-11-29",6.5049
"2018-11-30",6.8833
"2018-12-01",4.5743
"2018-12-02",6.8801
"2018-12-03",7.1714
"2018-12-04",2.4507
"2018-12-05",3.2197
"2018-12-06",8.3366
"2018-12-07",8.3317
"2018-12-08",8.5645
"2018-12-09",2.5882
"2018-12-10",5.2577
"2018-12-11",10.1315
"2018-12-12",6.797
"2018-12-13",5.3524
"2018-12-14",4.682
"2018-12-15",10.8224
"2018-12-16",9.8472
"2018-12-17",10.9428
"2018-12-18",10.241
"2018-12-19",11.1559
"2018-12-20",12.9694
"2018-12-21",8.0303
"2018-12-22",8.71
"2018-12-23",4.4532
"2018-12-24",6.2613
"2018-12-25",6.9684
"2018-12-26",7.7615
"2018-12-27",6.5975
"2018-12-28",5.6041
"2018-12-29",5.8008
"2018-12-30",5.2633
"2018-12-31",5.7854
"2019-01-01",2.9029
"2019-01-02",4.7164
"2019-01-03",7.5043
"2019-01-04",10.4856
"2019-01-05",7.2324
"2019-01-06",4.7299
"2019-01-07",6.7507
"2019-01-08",13.6042
"2019-01-09",6.6825
"2019-01-10",10.3455
"2019-01-11",18.9318
"2019-01-12",11.4768
"2019-01-13",8.0216
"2019-01-14",11.911
"2019-01-15",13.0429
"2019-01-16",9.798
"2019-01-17",12.2182
"2019-01-18",11.5274
"2019-01-19",9.0714
"2019-01-20",9.8324
"2019-01-21",11.2202
"2019-01-22",11.9189
"2019-01-23",10.7697
"2019-01-24",8.3865
"2019-01-25",10.0918
"2019-01-26",5.8059
"2019-01-27",7.4361
"2019-01-28",11.2248
"2019-01-29",12.4278
"2019-01-30",15.5887
"2019-01-31",14.208
"2019-02-01",11.8912
"2019-02-02",12.9865
"2019-02-03",17.052
"2019-02-04",17.472
"2019-02-05",13.5585
"2019-02-06",10.3573
"2019-02-07",12.6722
"2019-02-08",9.8104
"2019-02-09",10.6099
"2019-02-10",9.7919
"2019-02-11",8.6329
"2019-02-12",10.3493
"2019-02-13",10.9053
"2019-02-14",7.1992
"2019-02-15",16.7954
"2019-02-16",9.7383
"2019-02-17",8.5457
"2019-02-18",9.4637
"2019-02-19",10.824
"2019-02-20",10.5331
"2019-02-21",8.8917
"2019-02-22",5.5875
"2019-02-23",7.9292
"2019-02-24",9.2071
"2019-02-25",9.4354
"2019-02-26",10.866
"2019-02-27",7.6815
"2019-02-28",12.1535
"2019-03-01",11.6204
"2019-03-02",8.0823
"2019-03-03",5.5454
"2019-03-04",7.2927
"2019-03-05",6.4059
"2019-03-06",11.5626
"2019-03-07",7.607
"2019-03-08",6.6981
"2019-03-09",13.569
"2019-03-10",17.9614
"2019-03-11",8.4846
"2019-03-12",6.5317
"2019-03-13",12.9659
"2019-03-14",11.366
"2019-03-15",11.8079
"2019-03-16",6.4268
"2019-03-17",6.7692
"2019-03-18",8.7491
"2019-03-19",11.4061
"2019-03-20",9.4637
"2019-03-21",8.624
"2019-03-22",11.1473
"2019-03-23",11.7464
"2019-03-24",6.5486
"2019-03-25",6.4196
"2019-03-26",9.2758
"2019-03-27",13.3874
"2019-03-28",14.5166
"2019-03-29",6.8545
"2019-03-30",7.2684
"2019-03-31",5.652
"2019-04-01",7.0613
"2019-04-02",9.8564
"2019-04-03",9.9456
"2019-04-04",4.5424
"2019-04-05",3.6844
"2019-04-06",15.3249
"2019-04-07",11.4944
"2019-04-08",3.0379
"2019-04-09",1.7487
"2019-04-10",1.8897
"2019-04-11",3.5025
"2019-04-12",7.4116
"2019-04-13",7.6335
"2019-04-14",3.374
"2019-04-15",5.1167
"2019-04-16",8.6517
"2019-04-17",6.9595
"2019-04-18",6.9686
"2019-04-19",9.008
"2019-04-20",6.184
"2019-04-21",4.9158
"2019-04-22",5.3413
"2019-04-23",8.7874
"2019-04-24",15.3383
"2019-04-25",8.2143
"2019-04-26",2.9648
"2019-04-27",6.2878
"2019-04-28",8.3487
"2019-04-29",4.7173
"2019-04-30",5.6022
"2019-05-01",5.3283
"2019-05-02",3.4936
"2019-05-03",5.3859
"2019-05-04",3.88
"2019-05-05",9.4775
"2019-05-06",4.1679
"2019-05-07",3.2119
"2019-05-08",4.4514
"2019-05-09",3.8541
"2019-05-10",1.4455
"2019-05-11",1.9389
"2019-05-12",10.335
"2019-05-13",18.8615
"2019-05-14",11.3239
"2019-05-15",2.7738
"2019-05-16",0.9469
"2019-05-17",0.4149
"2019-05-18",0.4296
"2019-05-19",1.8014
"2019-05-20",3.4839
"2019-05-21",2.7115
"2019-05-22",3.9035
"2019-05-23",4.9948
"2019-05-24",7.7713
"2019-05-25",9.0725
"2019-05-26",4.7501
"2019-05-27",0.9134
"2019-05-28",3.6046
"2019-05-29",3.1267
"2019-05-30",1.4845
"2019-05-31",1.3598
"2019-06-01",3.0729
"2019-06-02",4.6214
"2019-06-03",8.5166
"2019-06-04",9.3192
"2019-06-05",3.6867
"2019-06-06",1.5903
"2019-06-07",1.8276
"2019-06-08",2.3062
"2019-06-09",4.6899
"2019-06-10",3.336
"2019-06-11",4.5624
"2019-06-12",3.1892
"2019-06-13",1.7129
"2019-06-14",2.6275
"2019-06-15",3.8313
"2019-06-16",6.1638
"2019-06-17",4.7722
"2019-06-18",1.9331
"2019-06-19",1.3018
"2019-06-20",5.1054
"2019-06-21",2.846
"2019-06-22",2.4507
"2019-06-23",2.8308
"2019-06-24",3.3082
"2019-06-25",0.4366
"2019-06-26",1.8966
"2019-06-27",7.7806
"2019-06-28",9.0185
"2019-06-29",6.1306
"2019-06-30",3.3406
"2019-07-01",2.1061
"2019-07-02",1.097
"2019-07-03",0.4637
"2019-07-04",2.3466
"2019-07-05",4.2671
"2019-07-06",13.5308
"2019-07-07",6.0583
"2019-07-08",1.7031
"2019-07-09",0.5498
"2019-07-10",0.4782
"2019-07-11",0.6731
"2019-07-12",2.1184
"2019-07-13",4.1557
"2019-07-14",6.4465
"2019-07-15",3.1079
"2019-07-16",6.7234
"2019-07-17",8.5405
"2019-07-18",2.3842
"2019-07-19",2.9876
"2019-07-20",3.6792
"2019-07-21",2.4366
"2019-07-22",1.8824
"2019-07-23",5.8944
"2019-07-24",4.4144
"2019-07-25",2.682
"2019-07-26",3.4446
"2019-07-27",6.4169
"2019-07-28",1.5876
"2019-07-29",0.3101
"2019-07-30",0.3558
"2019-07-31",0.5079
"2019-08-01",0.4279
"2019-08-02",0.828
"2019-08-03",3.6188
"2019-08-04",3.1022
"2019-08-05",0.0792
"2019-08-06",0.0376
"2019-08-07",0.0756
"2019-08-08",0.2161
"2019-08-09",0.462
"2019-08-10",1.0939
"2019-08-11",3.2389
"2019-08-12",1.4967
"2019-08-13",2.7049
"2019-08-14",3.5977
"2019-08-15",1.3529
"2019-08-16",0.7732
"2019-08-17",0.3934
"2019-08-18",0.4335
"2019-08-19",2.7254
"2019-08-20",5.1674
"2019-08-21",7.2058
"2019-08-22",3.3925
"2019-08-23",2.5218
"2019-08-24",2.4196
"2019-08-25",1.9574
"2019-08-26",4.4635
"2019-08-27",5.7177
"2019-08-28",4.474
"2019-08-29",0.6867
"2019-08-30",0.9171
"2019-08-31",1.1246
"2019-09-01",1.8008
"2019-09-02",2.0227
"2019-09-03",3.8294
"2019-09-04",8.7815
"2019-09-05",4.24
"2019-09-06",3.4635
"2019-09-07",2.0333
"2019-09-08",1.4487
"2019-09-09",1.6465
"2019-09-10",1.3223
"2019-09-11",3.4044
"2019-09-12",4.2019
"2019-09-13",9.771
"2019-09-14",4.4412
"2019-09-15",1.0271
"2019-09-16",0.6356
"2019-09-17",0.7039
"2019-09-18",0.8469
"2019-09-19",3.0875
"2019-09-20",8.4313
"2019-09-21",8.5683
"2019-09-22",2.1699
"2019-09-23",6.9108
"2019-09-24",4.9237
"2019-09-25",1.9851
"2019-09-26",2.9199
"2019-09-27",5.1118
"2019-09-28",1.7276
"2019-09-29",1.9924
"2019-09-30",4.9649
"2019-10-01",9.5142
"2019-10-02",5.6763
"2019-10-03",6.4046
"2019-10-04",4.5938
"2019-10-05",5.9262
"2019-10-06",10.8572
"2019-10-07",10.313
"2019-10-08",5.1876
"2019-10-09",2.1834
"2019-10-10",2.8107
"2019-10-11",3.4742
"2019-10-12",5.9339
"2019-10-13",2.9121
"2019-10-14",2.5119
"2019-10-15",3.0607
"2019-10-16",8.6593
"2019-10-17",7.1991
"2019-10-18",7.6661
"2019-10-19",8.733
"2019-10-20",7.0028
"2019-10-21",1.958
"2019-10-22",4.0449
"2019-10-23",10.1662
"2019-10-24",6.8515
"2019-10-25",4.5465
"2019-10-26",7.5432
"2019-10-27",3.269
"2019-10-28",4.4597
"2019-10-29",4.7334
"2019-10-30",5.0919
"2019-10-31",4.5084
"2019-11-01",5.9001
"2019-11-02",5.9129
"2019-11-03",5.8278
"2019-11-04",7.987
"2019-11-05",5.9502
"2019-11-06",10.2677
"2019-11-07",12.2953
"2019-11-08",4.7707
"2019-11-09",5.4508
"2019-11-10",8.8352
"2019-11-11",13.424
"2019-11-12",7.8794
"2019-11-13",4.2279
"2019-11-14",8.5135
"2019-11-15",16.7324
"2019-11-16",10.5567
"2019-11-17",3.0819
"2019-11-18",4.5563
"2019-11-19",6.6569
"2019-11-20",7.5556
"2019-11-21",5.3764
"2019-11-22",6.5518
"2019-11-23",16.7859
"2019-11-24",12.734
"2019-11-25",4.5259
"2019-11-26",3.9586
"2019-11-27",5.566
"2019-11-28",9.3037
"2019-11-29",4.3293
"2019-11-30",7.1883
"2019-12-01",12.9279
"2019-12-02",12.0815
"2019-12-03",9.2652
"2019-12-04",6.7496
"2019-12-05",12.1963
"2019-12-06",9.731
"2019-12-07",5.97
"2019-12-08",6.7192
"2019-12-09",7.8124
"2019-12-10",8.205
"2019-12-11",8.9668
"2019-12-12",7.3529
"2019-12-13",12.3148
"2019-12-14",12.659
"2019-12-15",8.4531
"2019-12-16",7.0282
"2019-12-17",7.3368
"2019-12-18",19.4925
"2019-12-19",15.3734
"2019-12-20",12.007
"2019-12-21",7.9615
"2019-12-22",8.7281
"2019-12-23",11.4554
"2019-12-24",12.5064
"2019-12-25",5.4537
"2019-12-26",11.1203
"2019-12-27",8.8934
"2019-12-28",15.344
"2019-12-29",9.1522
"2019-12-30",9.6465
"2019-12-31",7.662
"2020-01-01",12.246
"2020-01-02",13.532
"2020-01-03",7.2732
"2020-01-04",4.8384
"2020-01-05",5.3461
"2020-01-06",2.2493
"2020-01-07",4.0888
"2020-01-08",2.5054
"2020-01-09",2.8413
"2020-01-10",3.7186
"2020-01-11",4.6767
"2020-01-12",4.7727
"2020-01-13",5.3187
"2020-01-14",7.3614
"2020-01-15",9.2125
"2020-01-16",5.4752
"2020-01-17",5.8378
"2020-01-18",11.9313
"2020-01-19",9.8526
"2020-01-20",5.3481
"2020-01-21",6.7392
"2020-01-22",7.6608
"2020-01-23",11.202
"2020-01-24",10.693
"2020-01-25",7.16
"2020-01-26",4.5383
"2020-01-27",2.9586
"2020-01-28",7.6658
"2020-01-29",12.5769
"2020-01-30",6.7805
"2020-01-31",9.1854
"2020-02-01",11.9569
"2020-02-02",6.7258
"2020-02-03",10.9486
"2020-02-04",5.9806
"2020-02-05",8.0829
"2020-02-06",8.9437
"2020-02-07",6.4571
"2020-02-08",6.6181
"2020-02-09",8.8618
"2020-02-10",10.5678
"2020-02-11",7.6467
"2020-02-12",6.5801
"2020-02-13",6.7807
"2020-02-14",7.8522
"2020-02-15",7.8652
"2020-02-16",7.0744
"2020-02-17",4.7267
"2020-02-18",7.0642
"2020-02-19",6.018
"2020-02-20",5.133
"2020-02-21",9.4898
"2020-02-22",15.3578
"2020-02-23",8.925
"2020-02-24",4.2825
"2020-02-25",5.2269
"2020-02-26",10.7288
"2020-02-27",13.7154
"2020-02-28",8.6284
"2020-02-29",8.8033
"2020-03-01",12.8869
"2020-03-02",5.4066
"2020-03-03",5.8337
"2020-03-04",6.2735
"2020-03-05",6.4521
"2020-03-06",8.2163
"2020-03-07",5.6199
"2020-03-08",6.3573
"2020-03-09",7.9743
"2020-03-10",9.3969
"2020-03-11",6.5804
"2020-03-12",4.4949
"2020-03-13",4.9856
"2020-03-14",8.1783
"2020-03-15",5.6879
"2020-03-16",11.0435
"2020-03-17",17.4038
"2020-03-18",8.7279
"2020-03-19",4.8698
"2020-03-20",7.8445
"2020-03-21",13.2496
"2020-03-22",10.62
"2020-03-23",7.706
"2020-03-24",4.5399
"2020-03-25",3.0935
"2020-03-26",4.5771
"2020-03-27",9.356
"2020-03-28",15.8969
"2020-03-29",14.3771
"2020-03-30",10.3019
"2020-03-31",9.9933
"2020-04-01",10.4338
"2020-04-02",6.7539
"2020-04-03",6.2005
"2020-04-04",8.4818
"2020-04-05",6.339
"2020-04-06",7.9069
"2020-04-07",8.4956
"2020-04-08",10.2356
"2020-04-09",6.1684
"2020-04-10",5.6723
"2020-04-11",6.3595
"2020-04-12",5.503
"2020-04-13",3.2503
"2020-04-14",3.5945
"2020-04-15",8.919
"2020-04-16",11.4673
"2020-04-17",8.5083
"2020-04-18",2.5911
"2020-04-19",1.3992
"2020-04-20",0.7023
"2020-04-21",0.6571
"2020-04-22",0.9209
"2020-04-23",3.3515
"2020-04-24",3.8047
"2020-04-25",4.7072
"2020-04-26",9.9955
"2020-04-27",6.0239
"2020-04-28",2.6829
"2020-04-29",7.453
"2020-04-30",8.6503
"2020-05-01",8.3117
"2020-05-02",12.2974
"2020-05-03",9.3168
"2020-05-04",4.6638
"2020-05-05",2.2796
"2020-05-06",4.5411
"2020-05-07",12.3981
"2020-05-08",6.9527
"2020-05-09",1.8447
"2020-05-10",0.7259
"2020-05-11",1.3892
"2020-05-12",3.4588
"2020-05-13",6.7207
"2020-05-14",4.1152
"2020-05-15",6.4885
"2020-05-16",5.5173
"2020-05-17",1.801
"2020-05-18",2.6473
"2020-05-19",4.5847
"2020-05-20",4.8968
"2020-05-21",3.9409
"2020-05-22",2.4832
"2020-05-23",5.5005
"2020-05-24",7.9407
"2020-05-25",1.8751
"2020-05-26",0.8056
"2020-05-27",0.3958
"2020-05-28",0.3793
"2020-05-29",1.5417
"2020-05-30",3.1729
"2020-05-31",3.1457
"2020-06-01",4.4519
"2020-06-02",4.287
"2020-06-03",5.5393
"2020-06-04",4.9842
"2020-06-05",8.1753
"2020-06-06",2.9973
"2020-06-07",0.8583
"2020-06-08",2.6745
"2020-06-09",0.7767
"2020-06-10",0.9325
"2020-06-11",0.7679
"2020-06-12",1.145
"2020-06-13",1.4009
"2020-06-14",5.1875
"2020-06-15",5.5293
"2020-06-16",3.0816
"2020-06-17",0.8456
"2020-06-18",1.1705
"2020-06-19",2.2864
"2020-06-20",6.8531
"2020-06-21",2.1169
"2020-06-22",2.8883
"2020-06-23",3.1773
"2020-06-24",1.4662
"2020-06-25",2.1445
"2020-06-26",5.6749
"2020-06-27",2.8153
"2020-06-28",3.8675
"2020-06-29",4.7421
"2020-06-30",2.2522
"2020-07-01",2.1794
"2020-07-02",2.3751
"2020-07-03",0.5976
"2020-07-04",4.9648
"2020-07-05",2.3648
"2020-07-06",5.1191
"2020-07-07",3.3632
"2020-07-08",3.4989
"2020-07-09",9.6346
"2020-07-10",6.6177
"2020-07-11",2.1458
"2020-07-12",2.0541
"2020-07-13",3.4598
"2020-07-14",4.355
"2020-07-15",4.6307
"2020-07-16",1.002
"2020-07-17",1.5882
"2020-07-18",2.0777
"2020-07-19",1.9191
"2020-07-20",2.8071
"2020-07-21",1.0057
"2020-07-22",0.9526
"2020-07-23",2.1619
"2020-07-24",4.6864
"2020-07-25",8.8977
"2020-07-26",6.8946
"2020-07-27",1.2591
"2020-07-28",1.0414
"2020-07-29",2.7865
"2020-07-30",4.1659
"2020-07-31",1.8159
"2020-08-01",0.4102
"2020-08-02",0.277
"2020-08-03",0.3991
"2020-08-04",0.2057
"2020-08-05",0.4318
"2020-08-06",0.4399
"2020-08-07",0.4422
"2020-08-08",0.4188
"2020-08-09",0.7712
"2020-08-10",0.4201
"2020-08-11",0.6414
"2020-08-12",1.8693
"2020-08-13",2.8811
"2020-08-14",3.5616
"2020-08-15",2.4326
"2020-08-16",1.6827
"2020-08-17",0.6868
"2020-08-18",0.7183
"2020-08-19",2.1614
"2020-08-20",8.0364
"2020-08-21",10.9645
"2020-08-22",3.0719
"2020-08-23",0.3069
"2020-08-24",0.2684
"2020-08-25",0.4014
"2020-08-26",0.4054
"2020-08-27",0.5719
"2020-08-28",0.9416
"2020-08-29",0.5509
"2020-08-30",0.9861
"2020-08-31",3.951
"2020-09-01",4.9599
"2020-09-02",3.6615
"2020-09-03",2.1247
"2020-09-04",3.7747
"2020-09-05",3.1669
"2020-09-06",1.1101
"2020-09-07",3.8549
"2020-09-08",6.6747
"2020-09-09",2.7209
"2020-09-10",1.3458
"2020-09-11",1.5923
"2020-09-12",1.5455
"2020-09-13",2.2472
"2020-09-14",5.0191
"2020-09-15",5.5512
"2020-09-16",1.7234
"2020-09-17",2.6005
"2020-09-18",6.4394
"2020-09-19",3.5126
"2020-09-20",4.4574
"2020-09-21",3.098
"2020-09-22",7.769
"2020-09-23",4.8471
"2020-09-24",4.3788
"2020-09-25",1.5966
"2020-09-26",1.7202
"2020-09-27",2.3161
"2020-09-28",7.8041
"2020-09-29",10.9978
"2020-09-30",7.9447
"2020-10-01",2.3269
"2020-10-02",1.9826
"2020-10-03",4.4723
"2020-10-04",5.4056
"2020-10-05",1.4896
"2020-10-06",0.7868
"2020-10-07",2.3517
"2020-10-08",4.1988
"2020-10-09",2.0383
"2020-10-10",0.7334
"2020-10-11",1.1866
"2020-10-12",2.2648
"2020-10-13",3.5924
"2020-10-14",3.7679
"2020-10-15",8.232
"2020-10-16",7.354
"2020-10-17",5.0416
"2020-10-18",3.9147
"2020-10-19",2.6166
"2020-10-20",8.2868
"2020-10-21",9.9214
"2020-10-22",5.7766
"2020-10-23",3.3185
"2020-10-24",2.5318
"2020-10-25",3.0779
"2020-10-26",2.9041
"2020-10-27",7.7209
"2020-10-28",3.4736
"2020-10-29",5.3415
"2020-10-30",14.2159
"2020-10-31",6.379
"2020-11-01",1.2257
"2020-11-02",0.9646
"2020-11-03",2.2524
"2020-11-04",2.7431
"2020-11-05",1.628
"2020-11-06",4.2438
"2020-11-07",2.6901
"2020-11-08",3.1616
"2020-11-09",2.4658
"2020-11-10",5.5976
"2020-11-11",9.5781
"2020-11-12",8.9121
"2020-11-13",2.3445
"2020-11-14",6.2476
"2020-11-15",4.934
"2020-11-16",7.043
"2020-11-17",2.3911
"2020-11-18",4.8434
"2020-11-19",12.2671
"2020-11-20",10.7545
"2020-11-21",4.8584
"2020-11-22",3.3724
"2020-11-23",5.197
"2020-11-24",0.6736
"2020-11-25",1.6594
"2020-11-26",4.7857
"2020-11-27",12.6231
"2020-11-28",11.1008
"2020-11-29",10.8354
"2020-11-30",7.3612
"2020-12-01",9.6276
"2020-12-02",9.7879
"2020-12-03",8.6888
"2020-12-04",11.7689
"2020-12-05",16.408
"2020-12-06",12.0331
"2020-12-07",8.8251
"2020-12-08",6.9258
"2020-12-09",3.7601
"2020-12-10",8.2236
"2020-12-11",10.2946
"2020-12-12",9.3048
"2020-12-13",7.7749
"2020-12-14",5.5586
"2020-12-15",7.1957
"2020-12-16",7.6447
"2020-12-17",13.1391
"2020-12-18",6.3659
"2020-12-19",5.4199
"2020-12-20",6.5826
"2020-12-21",7.9591
"2020-12-22",17.9523
"2020-12-23",9.6601
"2020-12-24",6.482
"2020-12-25",6.6187
"2020-12-26",9.0033
"2020-12-27",22.2339
"2020-12-28",11.2688
"2020-12-29",4.7704
"2020-12-30",5.5316
"2020-12-31",15.096
"2021-01-01",16.002
"2021-01-02",12.0215
"2021-01-03",9.4464
"2021-01-04",8.3574
"2021-01-05",14.3614
"2021-01-06",14.6223
"2021-01-07",16.4949
"2021-01-08",5.5953
"2021-01-09",6.5735
"2021-01-10",4.9855
"2021-01-11",5.3138
"2021-01-12",6.5687
"2021-01-13",8.7038
"2021-01-14",10.412
"2021-01-15",11.5269
"2021-01-16",7.1169
"2021-01-17",6.2319
"2021-01-18",11.1534
"2021-01-19",9.6952
"2021-01-20",9.1843
"2021-01-21",5.7814
"2021-01-22",7.7235
"2021-01-23",12.6188
"2021-01-24",13.3867
"2021-01-25",9.8022
"2021-01-26",9.0835
"2021-01-27",5.8064
"2021-01-28",6.6629
"2021-01-29",7.2881
"2021-01-30",9.8269
"2021-01-31",5.4647
"2021-02-01",6.3821
"2021-02-02",7.0234
"2021-02-03",8.1692
"2021-02-04",13.8898
"2021-02-05",12.6203
"2021-02-06",8.9761
"2021-02-07",6.3236
"2021-02-08",8.8567
"2021-02-09",6.9175
"2021-02-10",12.5265
"2021-02-11",17.0037
"2021-02-12",12.715
"2021-02-13",8.1058
"2021-02-14",6.2577
"2021-02-15",10.3954
"2021-02-16",7.9633
"2021-02-17",6.2982
"2021-02-18",9.9613
"2021-02-19",4.1565
"2021-02-20",3.6599
"2021-02-21",7.7721
"2021-02-22",12.0736
"2021-02-23",8.6089
"2021-02-24",7.2978
"2021-02-25",7.8017
"2021-02-26",4.3346
"2021-02-27",10.7496
"2021-02-28",14.3474
"2021-03-01",8.2876
"2021-03-02",10.7275
"2021-03-03",9.3081
"2021-03-04",8.0616
"2021-03-05",9.3141
"2021-03-06",12.3882
"2021-03-07",7.7705
"2021-03-08",8.2407
"2021-03-09",14.3694
"2021-03-10",9.4389
"2021-03-11",7.0018
"2021-03-12",6.9959
"2021-03-13",7.6201
"2021-03-14",9.5446
"2021-03-15",9.3666
"2021-03-16",11.169
"2021-03-17",5.4409
"2021-03-18",8.2101
"2021-03-19",14.4876
"2021-03-20",9.9902
"2021-03-21",19.2953
"2021-03-22",7.5718
"2021-03-23",9.2133
"2021-03-24",8.4099
"2021-03-25",7.5007
"2021-03-26",5.6439
"2021-03-27",9.6977
"2021-03-28",14.5245
"2021-03-29",15.1498
"2021-03-30",13.1184
"2021-03-31",9.4904
"2021-04-01",6.757
"2021-04-02",7.1169
"2021-04-03",18.1919
"2021-04-04",14.1885
"2021-04-05",8.4125
"2021-04-06",6.941
"2021-04-07",9.1344
"2021-04-08",4.4187
"2021-04-09",7.7911
"2021-04-10",12.1686
"2021-04-11",6.136
"2021-04-12",11.8571
"2021-04-13",8.8282
"2021-04-14",6.7428
"2021-04-15",5.1797
"2021-04-16",6.0055
"2021-04-17",7.4019
"2021-04-18",4.2026
"2021-04-19",6.7398
"2021-04-20",5.5407
"2021-04-21",3.2119
"2021-04-22",4.6346
"2021-04-23",6.1179
"2021-04-24",4.2022
"2021-04-25",3.4914
"2021-04-26",10.9832
"2021-04-27",9.5671
"2021-04-28",4.7708
"2021-04-29",6.1567
"2021-04-30",7.1084
"2021-05-01",3.248
"2021-05-02",1.4786
"2021-05-03",5.292
"2021-05-04",1.9431
"2021-05-05",5.1229
"2021-05-06",6.7447
"2021-05-07",9.0355
"2021-05-08",5.4063
"2021-05-09",1.3896
"2021-05-10",0.9019
"2021-05-11",1.3574
"2021-05-12",5.4461
"2021-05-13",4.7128
"2021-05-14",6.0121
"2021-05-15",9.2877
"2021-05-16",6.1549
"2021-05-17",6.3512
"2021-05-18",6.4804
"2021-05-19",2.091
"2021-05-20",1.46
"2021-05-21",2.8875
"2021-05-22",4.2393
"2021-05-23",9.2324
"2021-05-24",10.4699
"2021-05-25",4.8832
"2021-05-26",2.3584
"2021-05-27",0.7701
"2021-05-28",0.5273
"2021-05-29",0.7118
"2021-05-30",5.8001
"2021-05-31",12.4318
"2021-06-01",1.6325
"2021-06-02",1.7202
"2021-06-03",7.3097
"2021-06-04",5.3894
"2021-06-05",2.8506
"2021-06-06",6.0558
"2021-06-07",4.6408
"2021-06-08",4.785
"2021-06-09",2.2008
"2021-06-10",1.5241
"2021-06-11",7.3408
"2021-06-12",8.0179
"2021-06-13",3.0665
"2021-06-14",1.4568
"2021-06-15",3.5029
"2021-06-16",4.1824
"2021-06-17",3.2484
"2021-06-18",6.015
"2021-06-19",5.3085
"2021-06-20",4.6744
"2021-06-21",3.4478
"2021-06-22",3.0409
"2021-06-23",1.2841
"2021-06-24",0.992
"2021-06-25",2.0662
"2021-06-26",2.2244
"2021-06-27",2.8697
"2021-06-28",8.9996
"2021-06-29",9.0971
"2021-06-30",2.4553
"2021-07-01",0.3325
"2021-07-02",0.1334
"2021-07-03",0.3377
"2021-07-04",0.2409
"2021-07-05",0.324
"2021-07-06",0.779
"2021-07-07",0.8591
"2021-07-08",2.6847
"2021-07-09",4.0637
"2021-07-10",5.0231
"2021-07-11",4.8632
"2021-07-12",4.5434
"2021-07-13",1.4969
"2021-07-14",1.7736
"2021-07-15",1.2015
"2021-07-16",2.0467
"2021-07-17",3.4288
"2021-07-18",10.6197
"2021-07-19",8.0332
"2021-07-20",2.6052
"2021-07-21",1.1357
"2021-07-22",0.8919
"2021-07-23",0.5086
"2021-07-24",0.3742
"2021-07-25",1.089
"2021-07-26",1.8428
"2021-07-27",1.5232
"2021-07-28",2.7057
"2021-07-29",5.966
"2021-07-30",1.2839
"2021-07-31",0.4557
"2021-08-01",1.4302
"2021-08-02",1.9513
"2021-08-03",0.9669
"2021-08-04",0.5888
"2021-08-05",0.1935
"2021-08-06",0.2647
"2021-08-07",0.2925
"2021-08-08",0.531
"2021-08-09",1.4707
"2021-08-10",2.104
"2021-08-11",2.4181
"2021-08-12",2.4088
"2021-08-13",2.0475
"2021-08-14",1.9347
"2021-08-15",2.8143
"2021-08-16",1.9081
"2021-08-17",1.2329
"2021-08-18",2.1273
"2021-08-19",1.3506
"2021-08-20",0.9111
"2021-08-21",2.9567
"2021-08-22",2.7794
"2021-08-23",0.8203
"2021-08-24",1.4136
"2021-08-25",1.5667
"2021-08-26",4.036
"2021-08-27",3.4727
"2021-08-28",4.5557
"2021-08-29",5.4749
"2021-08-30",5.826
"2021-08-31",1.6635
"2021-09-01",1.3884
"2021-09-02",1.8863
"2021-09-03",1.7679
"2021-09-04",1.7044
"2021-09-05",4.6682
"2021-09-06",8.2589
"2021-09-07",3.2401
"2021-09-08",2.4119
"2021-09-09",5.3488
"2021-09-10",7.8293
"2021-09-11",6.6157
"2021-09-12",4.4271
"2021-09-13",1.3144
"2021-09-14",1.2208
"2021-09-15",5.2509
"2021-09-16",10.022
"2021-09-17",5.5429
"2021-09-18",1.7796
"2021-09-19",1.7418
"2021-09-20",2.9928
"2021-09-21",8.1436
"2021-09-22",9.156
"2021-09-23",3.0553
"2021-09-24",2.448
"2021-09-25",5.1441
"2021-09-26",1.6604
"2021-09-27",1.2097
"2021-09-28",1.9245
"2021-09-29",5.4339
"2021-09-30",2.8844
"2021-10-01",2.4378
"2021-10-02",4.0138
"2021-10-03",4.7959
"2021-10-04",7.6297
"2021-10-05",11.323
"2021-10-06",11.3754
"2021-10-07",6.3642
"2021-10-08",2.8839
"2021-10-09",4.3779
"2021-10-10",6.0651
"2021-10-11",3.7508
"2021-10-12",3.6659
"2021-10-13",1.0905
"2021-10-14",2.9239
"2021-10-15",7.0675
"2021-10-16",7.6565
"2021-10-17",5.7396
"2021-10-18",5.0311
"2021-10-19",10.101
"2021-10-20",8.0801
"2021-10-21",3.2372
"2021-10-22",3.3434
"2021-10-23",2.8599
"2021-10-24",2.8894
"2021-10-25",14.4753
"2021-10-26",11.1393
"2021-10-27",3.2223
"2021-10-28",6.5451
"2021-10-29",7.7543
"2021-10-30",2.8135
"2021-10-31",3.8824
"2021-11-01",5.4934
"2021-11-02",5.7798
"2021-11-03",10.2442
"2021-11-04",8.27
"2021-11-05",7.055
"2021-11-06",4.9032
"2021-11-07",4.3972
"2021-11-08",6.1008
"2021-11-09",7.5374
"2021-11-10",6.1705
"2021-11-11",6.2004
"2021-11-12",10.0292
"2021-11-13",7.2115
"2021-11-14",3.7512
"2021-11-15",4.6008
"2021-11-16",9.9136
"2021-11-17",7.8189
"2021-11-18",8.1321
"2021-11-19",8.7505
"2021-11-20",9.9503
"2021-11-21",7.6716
"2021-11-22",4.5768
"2021-11-23",8.02
"2021-11-24",14.0667
"2021-11-25",6.6513
"2021-11-26",6.8261
"2021-11-27",8.5735
"2021-11-28",5.551
"2021-11-29",11.0619
"2021-11-30",11.1261
"2021-12-01",4.4264
"2021-12-02",9.3615
"2021-12-03",7.6761
"2021-12-04",10.302
"2021-12-05",12.8979
"2021-12-06",12.9988
"2021-12-07",8.7736
"2021-12-08",5.2264
"2021-12-09",8.924
"2021-12-10",10.8908
"2021-12-11",4.8789
"2021-12-12",4.8404
"2021-12-13",5.0628
"2021-12-14",5.195
"2021-12-15",8.7742
"2021-12-16",10.2353
"2021-12-17",9.2948
"2021-12-18",6.6534
"2021-12-19",4.178
"2021-12-20",5.5609
"2021-12-21",6.0724
"2021-12-22",8.6035
"2021-12-23",8.6633
"2021-12-24",6.2686
"2021-12-25",4.1545
"2021-12-26",4.4841
"2021-12-27",5.7194
"2021-12-28",8.9122
"2021-12-29",10.2233
"2021-12-30",5.4876
"2021-12-31",3.4255
"2022-01-01",3.5358
"2022-01-02",3.8295
"2022-01-03",3.2746
"2022-01-04",3.491
"2022-01-05",3.6162
"2022-01-06",4.1828
"2022-01-07",3.1391
"2022-01-08",3.8592
"2022-01-09",6.8497
"2022-01-10",5.7116
"2022-01-11",4.3531
"2022-01-12",6.0248
"2022-01-13",5.6861
"2022-01-14",7.5724
"2022-01-15",11.2787
"2022-01-16",4.4288
"2022-01-17",3.3226
"2022-01-18",6.629
"2022-01-19",10.1376
"2022-01-20",9.8378
"2022-01-21",9.8876
"2022-01-22",8.598
"2022-01-23",10.4249
"2022-01-24",11.0052
"2022-01-25",15.4111
"2022-01-26",13.4751
"2022-01-27",4.8642
"2022-01-28",6.9191
"2022-01-29",8.7477
"2022-01-30",11.8565
"2022-01-31",5.7857
"2022-02-01",7.8649
"2022-02-02",3.6253
"2022-02-03",7.5885
"2022-02-04",7.0287
"2022-02-05",5.5806
"2022-02-06",11.1511
"2022-02-07",15.7575
"2022-02-08",9.2121
"2022-02-09",6.9353
"2022-02-10",7.6932
"2022-02-11",5.7535
"2022-02-12",12.4099
"2022-02-13",11.5762
"2022-02-14",8.0262
"2022-02-15",10.8356
"2022-02-16",12.0165
"2022-02-17",9.6753
"2022-02-18",5.9555
"2022-02-19",6.9583
"2022-02-20",9.3255
"2022-02-21",8.1555
"2022-02-22",8.381
"2022-02-23",7.0333
"2022-02-24",9.1556
"2022-02-25",11.7285
"2022-02-26",17.3874
"2022-02-27",8.4978
"2022-02-28",7.5206
"2022-03-01",11.2907
"2022-03-02",9.6532
"2022-03-03",9.0954
"2022-03-04",6.3639
"2022-03-05",7.4942
"2022-03-06",11.1397
"2022-03-07",12.3455
"2022-03-08",8.3031
"2022-03-09",12.1448
"2022-03-10",7.2875
"2022-03-11",9.8719
"2022-03-12",12.726
"2022-03-13",11.9834
"2022-03-14",11.7449
"2022-03-15",8.5231
"2022-03-16",9.2063
"2022-03-17",5.11
"2022-03-18",4.079
"2022-03-19",11.6467
"2022-03-20",14.7483
"2022-03-21",14.1718
"2022-03-22",7.8469
"2022-03-23",7.4202
"2022-03-24",8.5318
"2022-03-25",9.958
"2022-03-26",13.1105
"2022-03-27",10.6115
"2022-03-28",12.0571
"2022-03-29",5.4313
"2022-03-30",5.4644
"2022-03-31",10.9082
"2022-04-02",9.1432
"2022-04-03",3.6936
"2022-04-04",4.215
"2022-04-05",4.6445
"2022-04-06",6.6329
"2022-04-07",7.3114
"2022-04-08",8.2333
"2022-04-09",13.2187
"2022-04-10",6.414
"2022-04-11",3.4962
"2022-04-12",5.179
"2022-04-13",7.111
"2022-04-14",4.8418
"2022-04-15",8.9161
"2022-04-16",2.3022
"2022-04-17",4.1029
"2022-04-18",8.5844
"2022-04-19",5.9576
"2022-04-20",6.0651
"2022-04-21",6.039
"2022-04-22",1.9267
"2022-04-23",2.8818
"2022-04-24",8.2347
"2022-04-25",10.2858
"2022-04-26",2.6921
"2022-04-27",3.5437
"2022-04-28",7.7686
"2022-04-29",6.111
"2022-04-30",6.6665
"2022-05-01",1.7369
"2022-05-02",2.1558
"2022-05-03",4.1819
"2022-05-04",9.0349
"2022-05-05",10.2703
"2022-05-06",2.9603
"2022-05-07",2.1713
"2022-05-08",3.1609
"2022-05-09",1.8785
"2022-05-10",5.6892
"2022-05-11",7.3021
"2022-05-12",10.3172
"2022-05-13",5.8818
"2022-05-14",4.2449
"2022-05-15",7.7651
"2022-05-16",8.7551
"2022-05-17",14.5718
"2022-05-18",4.8141
"2022-05-19",2.4939
"2022-05-20",0.4723
"2022-05-21",0.4176
"2022-05-22",0.7265
"2022-05-23",3.7189
"2022-05-24",5.1414
"2022-05-25",6.837
"2022-05-26",7.1304
"2022-05-27",5.259
"2022-05-28",4.246
"2022-05-29",1.857
"2022-05-30",2.1557
"2022-05-31",4.1876
"2022-06-01",4.3782
"2022-06-02",3.6634
"2022-06-03",8.0162
"2022-06-04",6.8265
"2022-06-05",2.7945
"2022-06-06",3.3631
"2022-06-07",6.2511
"2022-06-08",3.4642
"2022-06-09",3.6428
"2022-06-10",10.4089
"2022-06-11",7.5638
"2022-06-12",0.7815
"2022-06-13",0.2721
"2022-06-14",0.0976
"2022-06-15",0.1549
"2022-06-16",0.3916
"2022-06-17",0.6723
"2022-06-18",3.847
"2022-06-19",5.8943
"2022-06-20",1.6488
"2022-06-21",1.257
"2022-06-22",2.6296
"2022-06-23",2.6042
"2022-06-24",3.9873
"2022-06-25",5.7719
"2022-06-26",1.271
"2022-06-27",0.2056
"2022-06-28",0.3234
"2022-06-29",2.381
"2022-06-30",1.6416
"2022-07-01",1.4883
"2022-07-02",2.2851
"2022-07-03",4.7463
"2022-07-04",3.1947
"2022-07-05",2.3531
"2022-07-06",2.052
"2022-07-07",1.2706
"2022-07-08",3.3562
"2022-07-09",5.3166
"2022-07-10",1.7158
"2022-07-11",0.8304
"2022-07-12",2.9897
"2022-07-13",3.4353
"2022-07-14",1.1189
"2022-07-15",1.1412
"2022-07-16",3.497
"2022-07-17",6.147
"2022-07-18",10.3654
"2022-07-19",2.6531
"2022-07-20",1.8202
"2022-07-21",0.7657
"2022-07-22",0.8966
"2022-07-23",1.5773
"2022-07-24",2.5969
"2022-07-25",6.129
"2022-07-26",9.0417
"2022-07-27",2.0658
"2022-07-28",0.8414
"2022-07-29",0.7968
"2022-07-30",1.2932
"2022-07-31",1.1939
"2022-08-01",4.0681
"2022-08-02",3.729
"2022-08-03",2.4479
"2022-08-04",5.7859
"2022-08-05",5.8611
"2022-08-06",6.015
"2022-08-07",2.8419
"2022-08-08",3.9589
"2022-08-09",4.0432
"2022-08-10",8.9075
"2022-08-11",2.6116
"2022-08-12",0.5176
"2022-08-13",0.3808
"2022-08-14",1.4993
"2022-08-15",0.8045
"2022-08-16",0.9411
"2022-08-17",1.5813
"2022-08-18",1.2087
"2022-08-19",13.9387
"2022-08-20",4.5788
"2022-08-21",0.3207
"2022-08-22",0.3146
"2022-08-23",0.217
"2022-08-24",0.2124
"2022-08-25",0.2093
"2022-08-26",0.9199
"2022-08-27",1.0606
"2022-08-28",1.8084
"2022-08-29",7.8846
"2022-08-30",3.1954
"2022-08-31",0.8514
"2022-09-01",0.6349
"2022-09-02",1.0097
"2022-09-03",3.0765
"2022-09-04",3.946
"2022-09-05",1.2213
"2022-09-06",0.7337
"2022-09-07",0.4025
"2022-09-08",0.2922
"2022-09-09",1.9591
"2022-09-10",4.7505
"2022-09-11",1.5442
"2022-09-12",1.2298
"2022-09-13",2.9138
"2022-09-14",5.3776
"2022-09-15",12.7849
"2022-09-16",5.8081
"2022-09-17",1.6368
"2022-09-18",0.947
"2022-09-19",1.1634
"2022-09-20",1.7893
"2022-09-21",1.6051
"2022-09-22",1.4824
"2022-09-23",8.0709
"2022-09-24",7.6777
"2022-09-25",2.1205
"2022-09-26",2.3484
"2022-09-27",1.2982
"2022-09-28",1.0583
"2022-09-29",5.2303
"2022-09-30",13.5203
"2022-10-01",2.4345
"2022-10-02",1.9412
"2022-10-03",3.154
"2022-10-04",2.4595
"2022-10-05",2.212
"2022-10-06",2.95
"2022-10-07",12.022
"2022-10-08",4.7428
"2022-10-09",1.8314
"2022-10-10",2.0608
"2022-10-11",1.4226
"2022-10-12",2.2012
"2022-10-13",3.6823
"2022-10-14",11.3645
"2022-10-15",12.8902
"2022-10-16",5.6159
"2022-10-17",8.0899
"2022-10-18",6.8219
"2022-10-19",8.7059
"2022-10-20",5.3558
"2022-10-21",3.6582
"2022-10-22",8.0207
"2022-10-23",13.0386
"2022-10-24",7.6189
"2022-10-25",2.707
"2022-10-26",2.1753
"2022-10-27",3.6264
"2022-10-28",9.2333
"2022-10-29",3.9696
"2022-10-30",2.1423
"2022-10-31",2.9235
"2022-11-01",13.898
"2022-11-02",6.4797
"2022-11-03",0.8368
"2022-11-04",0.7179
"2022-11-05",0.5639
"2022-11-06",1.0703
"2022-11-07",0.9592
"2022-11-08",1.644
"2022-11-09",2.8637
"2022-11-10",6.3081
"2022-11-11",3.516
"2022-11-12",2.3816
"2022-11-13",2.3625
"2022-11-14",4.3895
"2022-11-15",11.6929
"2022-11-16",11.8992
"2022-11-17",2.311
"2022-11-18",1.8321
"2022-11-19",2.9534
"2022-11-20",3.7342
"2022-11-21",4.5843
"2022-11-22",16.0125
"2022-11-23",10.7251
"2022-11-24",4.673
"2022-11-25",4.0846
"2022-11-26",4.4904
"2022-11-27",4.9275
"2022-11-28",2.794
"2022-11-29",1.5793
"2022-11-30",1.5424
"2022-12-01",3.2261
"2022-12-02",8.9439
"2022-12-03",9.0639
"2022-12-04",0.9111
"2022-12-05",2.5898
"2022-12-06",4.853
"2022-12-07",8.0498
"2022-12-08",4.1797
"2022-12-09",7.4155
"2022-12-10",6.4377
"2022-12-11",5.961
"2022-12-12",8.5964
"2022-12-13",8.6435
"2022-12-14",5.5575
"2022-12-15",5.4732
"2022-12-16",13.058
"2022-12-17",10.7414
"2022-12-18",4.042
"2022-12-19",5.1655
"2022-12-20",8.3271
"2022-12-21",5.4488
"2022-12-22",7.4939
"2022-12-23",4.5049
"2022-12-24",2.1521
"2022-12-25",9.405
"2022-12-26",8.3198
"2022-12-27",2.2543
"2022-12-28",2.6245
"2022-12-29",6.5735
"2022-12-30",11.6014
"2022-12-31",11.4599
"2023-01-01",6.793
"2023-01-02",4.8414
"2023-01-03",4.2466
"2023-01-04",6.315
"2023-01-05",12.8828
"2023-01-06",10.8631
"2023-01-07",5.1598
"2023-01-08",3.6094
"2023-01-09",4.7557
"2023-01-10",6.6112
"2023-01-11",10.2663
"2023-01-12",5.2652
"2023-01-13",3.0123
"2023-01-14",5.993
"2023-01-15",12.5339
"2023-01-16",6.5984
"2023-01-17",5.766
"2023-01-18",9.5567
"2023-01-19",17.353
"2023-01-20",13.3791
"2023-01-21",4.7975
"2023-01-22",7.1709
"2023-01-23",5.8845
"2023-01-24",6.6934
"2023-01-25",5.1195
"2023-01-26",7.1461
"2023-01-27",6.4067
"2023-01-28",6.2378
"2023-01-29",7.9566
"2023-01-30",10.7014
"2023-01-31",6.3341
"2023-02-01",9.7426
"2023-02-02",6.109
"2023-02-03",6.9798
"2023-02-04",8.2384
"2023-02-05",9.8033
"2023-02-06",9.7978
"2023-02-07",5.5525
"2023-02-08",8.0124
"2023-02-09",10.5433
"2023-02-10",8.3456
"2023-02-11",11.7315
"2023-02-12",10.7376
"2023-02-13",9.3346
"2023-02-14",10.7178
"2023-02-15",8.8757
"2023-02-16",10.0369
"2023-02-17",7.0709
"2023-02-18",14.3484
"2023-02-19",12.9573
"2023-02-20",4.5805
"2023-02-21",6.9403
"2023-02-22",7.4491
"2023-02-23",9.0283
"2023-02-24",4.8462
"2023-02-25",5.8056
"2023-02-26",7.779
"2023-02-27",13.2099
"2023-02-28",12.4926
"2023-03-01",6.3279
"2023-03-02",3.7684
"2023-03-03",7.6831
"2023-03-04",11.1952
"2023-03-05",14.6292
"2023-03-06",12.1809
"2023-03-07",4.5162
"2023-03-08",7.2417
"2023-03-09",12.9297
"2023-03-10",24.4559
"2023-03-11",11.3546
"2023-03-12",10.5501
"2023-03-13",10.0393
"2023-03-14",10.1586
"2023-03-15",6.8291
"2023-03-16",5.5952
"2023-03-17",7.1044
"2023-03-18",9.0671
"2023-03-19",7.1816
"2023-03-20",7.1462
"2023-03-21",7.4339
"2023-03-22",5.0413
"2023-03-23",5.6502
"2023-03-24",18.2191
"2023-03-25",11.1886
"2023-03-26",7.7961
"2023-03-27",12.7668
"2023-03-28",8.5586
"2023-03-29",8.2851
"2023-03-30",12.1243
"2023-03-31",11.0604
"2023-04-01",10.9651
"2023-04-02",9.5794
"2023-04-03",8.1972
"2023-04-04",8.6737
"2023-04-05",8.5249
"2023-04-06",9.9288
"2023-04-07",18.5341
"2023-04-08",17.3552
"2023-04-09",5.7078
"2023-04-10",3.3405
"2023-04-11",4.3051
"2023-04-12",4.0707
"2023-04-13",5.6552
"2023-04-14",6.7037
"2023-04-15",6.5062
"2023-04-16",6.2329
"2023-04-17",13.2017
"2023-04-18",2.3038
"2023-04-19",5.692
"2023-04-20",14.1774
"2023-04-21",10.511
"2023-04-22",2.5406
"2023-04-23",7.3642
"2023-04-24",6.169
"2023-04-25",5.2867
"2023-04-26",4.4944
"2023-04-27",7.9881
"2023-04-28",5.5018
"2023-04-29",3.0415
"2023-04-30",4.0905
"2023-05-01",3.778
"2023-05-02",4.0539
"2023-05-03",6.73
"2023-05-04",5.2334
"2023-05-05",5.9881
"2023-05-06",9.3801
"2023-05-07",13.7922
"2023-05-08",9.0038
"2023-05-09",6.8484
"2023-05-10",2.2446
"2023-05-11",5.0381
"2023-05-12",5.0328
"2023-05-13",5.3013
"2023-05-14",3.5816
"2023-05-15",2.3299
"2023-05-16",2.5872
"2023-05-17",1.2746
"2023-05-18",2.2993
"2023-05-19",4.5147
"2023-05-20",4.5005
"2023-05-21",3.1185
"2023-05-22",4.495
"2023-05-23",10.805
"2023-05-24",9.1953
"2023-05-25",3.0758
"2023-05-26",5.4202
"2023-05-27",4.0395
"2023-05-28",9.1801
"2023-05-29",4.5789
"2023-05-30",3.4241
"2023-05-31",6.7369
"2023-06-01",2.8634
"2023-06-02",3.5519
"2023-06-03",1.0965
"2023-06-04",2.1966
"2023-06-05",3.5223
"2023-06-06",4.1931
"2023-06-07",3.6339
"2023-06-08",2.8696
"2023-06-09",2.5794
"2023-06-10",4.3129
"2023-06-11",3.3223
"2023-06-12",3.6014
"2023-06-13",7.8725
"2023-06-14",4.3438
"2023-06-15",0.9792
"2023-06-16",0.6177
"2023-06-17",0.4948
"2023-06-18",0.4003
"2023-06-19",0.2181
"2023-06-20",0.2195
"2023-06-21",0.515
"2023-06-22",0.6647
"2023-06-23",1.6838
"2023-06-24",2.2386
"2023-06-25",2.8443
"2023-06-26",3.4246
"2023-06-27",1.2456
"2023-06-28",1.9334
"2023-06-29",6.0094
"2023-06-30",1.8215
"2023-07-01",0.7712
"2023-07-02",0.5967
"2023-07-03",0.3249
"2023-07-04",1.0708
"2023-07-05",2.9246
"2023-07-06",2.8252
"2023-07-07",2.5171
"2023-07-08",3.9943
"2023-07-09",3.0093
"2023-07-10",0.9599
"2023-07-11",0.8088
"2023-07-12",0.6724
"2023-07-13",0.6066
"2023-07-14",3.0515
"2023-07-15",4.3427
"2023-07-16",3.1792
"2023-07-17",2.3821
"2023-07-18",2.3528
"2023-07-19",5.2131
"2023-07-20",4.3697
"2023-07-21",0.8487
"2023-07-22",0.5039
"2023-07-23",0.5133
"2023-07-24",1.1705
"2023-07-25",0.6908
"2023-07-26",0.6407
"2023-07-27",3.3928
"2023-07-28",2.7031
"2023-07-29",4.4093
"2023-07-30",1.8163
"2023-07-31",1.0349