,"(deg C) SST (Sea Surface Temperature) (NOAA OISST) at Peru, 2014-01-01 to 2023-07-31"
"2014-01-01",20.4245
"2014-01-02",20.655
"2014-01-03",20.6832
"2014-01-04",20.781
"2014-01-05",20.8283
"2014-01-06",20.8142
"2014-01-07",20.9787
"2014-01-08",21.1849
"2014-01-09",21.3128
"2014-01-10",21.3056
"2014-01-11",21.3178
"2014-01-12",21.5425
"2014-01-13",21.618
"2014-01-14",21.7054
"2014-01-15",21.8799
"2014-01-16",22.2499
"2014-01-17",22.474
"2014-01-18",22.5259
"2014-01-19",22.4844
"2014-01-20",22.3279
"2014-01-21",22.2231
"2014-01-22",22.2502
"2014-01-23",22.5112
"2014-01-24",22.4571
"2014-01-25",22.1212
"2014-01-26",21.6488
"2014-01-27",21.5195
"2014-01-28",21.2432
"2014-01-29",21.0586
"2014-01-30",21.1302
"2014-01-31",20.9768
"2014-02-01",20.5393
"2014-02-02",20.4191
"2014-02-03",20.5958
"2014-02-04",20.6931
"2014-02-05",20.411
"2014-02-06",20.014
"2014-02-07",19.9631
"2014-02-08",19.9443
"2014-02-09",20.1723
"2014-02-10",19.9604
"2014-02-11",19.7817
"2014-02-12",19.8417
"2014-02-13",19.9111
"2014-02-14",20.0509
"2014-02-15",20.0186
"2014-02-16",19.9482
"2014-02-17",19.9536
"2014-02-18",20.2116
"2014-02-19",20.1848
"2014-02-20",19.9188
"2014-02-21",19.7824
"2014-02-22",19.8539
"2014-02-23",20.1766
"2014-02-24",20.3452
"2014-02-25",20.4768
"2014-02-26",20.5701
"2014-02-27",20.8247
"2014-02-28",21.1743
"2014-03-01",21.2836
"2014-03-02",21.0997
"2014-03-03",20.6635
"2014-03-04",20.5312
"2014-03-05",20.4505
"2014-03-06",20.2652
"2014-03-07",19.957
"2014-03-08",19.9632
"2014-03-09",20.3611
"2014-03-10",20.7649
"2014-03-11",20.6757
"2014-03-12",20.3571
"2014-03-13",20.1618
"2014-03-14",19.7231
"2014-03-15",19.523
"2014-03-16",19.1818
"2014-03-17",19.2396
"2014-03-18",19.6034
"2014-03-19",19.8466
"2014-03-20",19.708
"2014-03-21",19.7519
"2014-03-22",19.7068
"2014-03-23",19.7859
"2014-03-24",19.7401
"2014-03-25",19.7174
"2014-03-26",19.5867
"2014-03-27",19.7267
"2014-03-28",19.9108
"2014-03-29",19.7449
"2014-03-30",19.6292
"2014-03-31",19.536
"2014-04-01",19.3664
"2014-04-02",19.1317
"2014-04-03",18.7931
"2014-04-04",18.835
"2014-04-05",19.1138
"2014-04-06",19.2226
"2014-04-07",19.1957
"2014-04-08",19.2665
"2014-04-09",19.4068
"2014-04-10",19.0725
"2014-04-11",18.7661
"2014-04-12",18.665
"2014-04-13",18.5919
"2014-04-14",18.5887
"2014-04-15",19.1954
"2014-04-16",19.5798
"2014-04-17",19.7831
"2014-04-18",19.8956
"2014-04-19",19.9036
"2014-04-20",19.4578
"2014-04-21",19.4227
"2014-04-22",19.663
"2014-04-23",19.7771
"2014-04-24",20.0619
"2014-04-25",20.3384
"2014-04-26",20.3394
"2014-04-27",20.255
"2014-04-28",20.0334
"2014-04-29",19.6897
"2014-04-30",19.4732
"2014-05-01",19.3734
"2014-05-02",19.6034
"2014-05-03",19.8205
"2014-05-04",19.9763
"2014-05-05",19.9577
"2014-05-06",20.1377
"2014-05-07",20.4113
"2014-05-08",20.5948
"2014-05-09",20.7243
"2014-05-10",20.7724
"2014-05-11",21.1417
"2014-05-12",21.1571
"2014-05-13",20.942
"2014-05-14",20.6268
"2014-05-15",20.5948
"2014-05-16",20.6461
"2014-05-17",20.5653
"2014-05-18",20.51
"2014-05-19",20.7046
"2014-05-20",20.9123
"2014-05-21",21.0832
"2014-05-22",21.2923
"2014-05-23",21.3355
"2014-05-24",21.157
"2014-05-25",20.9603
"2014-05-26",21.0779
"2014-05-27",21.2309
"2014-05-28",21.2927
"2014-05-29",21.2681
"2014-05-30",21.29
"2014-05-31",21.2007
"2014-06-01",21.2312
"2014-06-02",21.33
"2014-06-03",21.156
"2014-06-04",21.1384
"2014-06-05",21.1506
"2014-06-06",21.0626
"2014-06-07",20.8025
"2014-06-08",20.7482
"2014-06-09",20.7398
"2014-06-10",20.773
"2014-06-11",20.7033
"2014-06-12",20.4844
"2014-06-13",20.4676
"2014-06-14",20.5908
"2014-06-15",20.6437
"2014-06-16",20.5976
"2014-06-17",20.6027
"2014-06-18",20.6591
"2014-06-19",20.644
"2014-06-20",20.4869
"2014-06-21",20.3852
"2014-06-22",20.3471
"2014-06-23",20.3924
"2014-06-24",20.3878
"2014-06-25",20.3674
"2014-06-26",19.7407
"2014-06-27",19.3814
"2014-06-28",19.1381
"2014-06-29",19.0643
"2014-06-30",18.969
"2014-07-01",18.7602
"2014-07-02",18.6998
"2014-07-03",18.73
"2014-07-04",18.6875
"2014-07-05",18.6348
"2014-07-06",18.6038
"2014-07-07",18.4361
"2014-07-08",18.4359
"2014-07-09",18.4007
"2014-07-10",18.2846
"2014-07-11",18.0973
"2014-07-12",18.1438
"2014-07-13",18.1755
"2014-07-14",18.2559
"2014-07-15",18.3077
"2014-07-16",18.1688
"2014-07-17",18.1745
"2014-07-18",18.4841
"2014-07-19",18.5137
"2014-07-20",18.5905
"2014-07-21",18.5758
"2014-07-22",18.5359
"2014-07-23",18.4288
"2014-07-24",18.3274
"2014-07-25",18.0119
"2014-07-26",17.7108
"2014-07-27",17.6277
"2014-07-28",17.5815
"2014-07-29",17.5326
"2014-07-30",17.4091
"2014-07-31",17.2338
"2014-08-01",17.273
"2014-08-02",17.5035
"2014-08-03",17.4705
"2014-08-04",17.3652
"2014-08-05",17.3473
"2014-08-06",17.3082
"2014-08-07",17.3111
"2014-08-08",17.0956
"2014-08-09",16.9403
"2014-08-10",16.9125
"2014-08-11",16.7899
"2014-08-12",16.6577
"2014-08-13",16.7712
"2014-08-14",16.8251
"2014-08-15",16.9041
"2014-08-16",17.0155
"2014-08-17",17.0374
"2014-08-18",17.1674
"2014-08-19",17.3232
"2014-08-20",17.373
"2014-08-21",17.4892
"2014-08-22",17.4478
"2014-08-23",17.2538
"2014-08-24",17.1051
"2014-08-25",17.1498
"2014-08-26",17.2286
"2014-08-27",17.2315
"2014-08-28",17.2298
"2014-08-29",17.2023
"2014-08-30",17.0882
"2014-08-31",16.9689
"2014-09-01",16.8954
"2014-09-02",16.7667
"2014-09-03",16.6003
"2014-09-04",16.4588
"2014-09-05",16.2518
"2014-09-06",16.0369
"2014-09-07",16.0387
"2014-09-08",16.0703
"2014-09-09",16.2531
"2014-09-10",16.3509
"2014-09-11",16.5534
"2014-09-12",16.7028
"2014-09-13",16.8231
"2014-09-14",16.8351
"2014-09-15",16.9629
"2014-09-16",16.9013
"2014-09-17",16.7906
"2014-09-18",16.8532
"2014-09-19",16.9474
"2014-09-20",16.9978
"2014-09-21",17.005
"2014-09-22",17.0363
"2014-09-23",17.0715
"2014-09-24",17.0314
"2014-09-25",16.936
"2014-09-26",16.7843
"2014-09-27",16.679
"2014-09-28",16.7683
"2014-09-29",16.9158
"2014-09-30",16.9115
"2014-10-01",16.9763
"2014-10-02",17.0224
"2014-10-03",17.1711
"2014-10-04",17.3721
"2014-10-05",17.3478
"2014-10-06",17.2552
"2014-10-07",17.2877
"2014-10-08",17.3818
"2014-10-09",17.2521
"2014-10-10",17.0927
"2014-10-11",17.0055
"2014-10-12",17.059
"2014-10-13",17.2127
"2014-10-14",17.2983
"2014-10-15",17.6835
"2014-10-16",18.0125
"2014-10-17",17.989
"2014-10-18",18.0783
"2014-10-19",18.1701
"2014-10-20",17.9573
"2014-10-21",17.8757
"2014-10-22",17.8818
"2014-10-23",17.8995
"2014-10-24",17.854
"2014-10-25",18.0562
"2014-10-26",18.0103
"2014-10-27",18.0236
"2014-10-28",18.0618
"2014-10-29",17.7372
"2014-10-30",17.5241
"2014-10-31",17.596
"2014-11-01",17.7426
"2014-11-02",17.9098
"2014-11-03",18.011
"2014-11-04",18.0265
"2014-11-05",18.0765
"2014-11-06",18.2047
"2014-11-07",18.4943
"2014-11-08",18.5192
"2014-11-09",18.6129
"2014-11-10",18.7673
"2014-11-11",18.9891
"2014-11-12",19.0496
"2014-11-13",19.0604
"2014-11-14",18.7986
"2014-11-15",18.7298
"2014-11-16",18.785
"2014-11-17",18.6529
"2014-11-18",18.6726
"2014-11-19",18.7393
"2014-11-20",18.6567
"2014-11-21",18.5232
"2014-11-22",18.4452
"2014-11-23",18.2872
"2014-11-24",18.0997
"2014-11-25",18.108
"2014-11-26",18.4672
"2014-11-27",18.574
"2014-11-28",18.5229
"2014-11-29",18.4852
"2014-11-30",18.4897
"2014-12-01",18.3976
"2014-12-02",18.1988
"2014-12-03",18.0623
"2014-12-04",18.206
"2014-12-05",18.4035
"2014-12-06",18.1927
"2014-12-07",18.0452
"2014-12-08",17.9886
"2014-12-09",18.1657
"2014-12-10",18.5079
"2014-12-11",18.6806
"2014-12-12",18.5866
"2014-12-13",18.5926
"2014-12-14",18.8285
"2014-12-15",18.86
"2014-12-16",18.7919
"2014-12-17",18.897
"2014-12-18",18.8488
"2014-12-19",18.9059
"2014-12-20",18.9547
"2014-12-21",18.706
"2014-12-22",18.635
"2014-12-23",18.8114
"2014-12-24",18.9583
"2014-12-25",19.1081
"2014-12-26",19.3256
"2014-12-27",19.4114
"2014-12-28",19.5985
"2014-12-29",19.9847
"2014-12-30",20.0484
"2014-12-31",20.0761
"2015-01-01",20.0385
"2015-01-02",20.1528
"2015-01-03",20.286
"2015-01-04",20.44
"2015-01-05",20.6554
"2015-01-06",20.7624
"2015-01-07",21.02
"2015-01-08",21.1705
"2015-01-09",20.9467
"2015-01-10",20.6846
"2015-01-11",20.4932
"2015-01-12",20.5504
"2015-01-13",20.7079
"2015-01-14",20.5992
"2015-01-15",20.3802
"2015-01-16",20.451
"2015-01-17",20.5826
"2015-01-18",20.6867
"2015-01-19",20.6368
"2015-01-20",20.458
"2015-01-21",20.5752
"2015-01-22",20.8906
"2015-01-23",21.0997
"2015-01-24",21.1691
"2015-01-25",21.0841
"2015-01-26",21.1086
"2015-01-27",21.5225
"2015-01-28",21.8034
"2015-01-29",21.8668
"2015-01-30",21.8195
"2015-01-31",21.9678
"2015-02-01",22.1935
"2015-02-02",21.8906
"2015-02-03",21.7013
"2015-02-04",21.5238
"2015-02-05",21.5948
"2015-02-06",22.1048
"2015-02-07",22.3718
"2015-02-08",22.9463
"2015-02-09",23.3282
"2015-02-10",23.3785
"2015-02-11",23.4101
"2015-02-12",23.164
"2015-02-13",22.7213
"2015-02-14",22.704
"2015-02-15",22.6462
"2015-02-16",22.4246
"2015-02-17",22.2153
"2015-02-18",22.0372
"2015-02-19",21.9742
"2015-02-20",21.7575
"2015-02-21",21.7845
"2015-02-22",21.64
"2015-02-23",21.2234
"2015-02-24",21.1206
"2015-02-25",20.889
"2015-02-26",21.0275
"2015-02-27",20.8804
"2015-02-28",20.5707
"2015-03-01",20.3738
"2015-03-02",20.3629
"2015-03-03",20.1788
"2015-03-04",20.0992
"2015-03-05",20.0919
"2015-03-06",20.4134
"2015-03-07",20.7301
"2015-03-08",20.6126
"2015-03-09",20.3535
"2015-03-10",20.2293
"2015-03-11",20.9192
"2015-03-12",21.4924
"2015-03-13",21.6512
"2015-03-14",21.6344
"2015-03-15",21.9005
"2015-03-16",22.0552
"2015-03-17",22.4153
"2015-03-18",22.5018
"2015-03-19",22.5032
"2015-03-20",22.8157
"2015-03-21",23.2615
"2015-03-22",23.2122
"2015-03-23",23.0288
"2015-03-24",23.0689
"2015-03-25",23.3765
"2015-03-26",23.5076
"2015-03-27",22.855
"2015-03-28",22.3134
"2015-03-29",21.559
"2015-03-30",21.39
"2015-03-31",21.2371
"2015-04-01",21.0352
"2015-04-02",20.6127
"2015-04-03",20.5031
"2015-04-04",20.4341
"2015-04-05",20.6062
"2015-04-06",20.336
"2015-04-07",20.0424
"2015-04-08",19.745
"2015-04-09",19.7929
"2015-04-10",19.9346
"2015-04-11",20.3428
"2015-04-12",20.5544
"2015-04-13",20.63
"2015-04-14",20.7912
"2015-04-15",20.8697
"2015-04-16",20.8654
"2015-04-17",20.4763
"2015-04-18",20.2815
"2015-04-19",20.2386
"2015-04-20",20.2036
"2015-04-21",20.2815
"2015-04-22",20.4011
"2015-04-23",20.4134
"2015-04-24",20.5404
"2015-04-25",20.4292
"2015-04-26",20.216
"2015-04-27",20.0555
"2015-04-28",20.0871
"2015-04-29",20.7643
"2015-04-30",21.1869
"2015-05-01",21.283
"2015-05-02",21.2671
"2015-05-03",21.0461
"2015-05-04",20.8838
"2015-05-05",20.7748
"2015-05-06",20.7074
"2015-05-07",20.6823
"2015-05-08",20.7111
"2015-05-09",20.6472
"2015-05-10",20.7103
"2015-05-11",20.8
"2015-05-12",20.8481
"2015-05-13",20.9934
"2015-05-14",21.0931
"2015-05-15",20.9585
"2015-05-16",20.9114
"2015-05-17",20.929
"2015-05-18",20.9563
"2015-05-19",20.9579
"2015-05-20",20.7075
"2015-05-21",20.4803
"2015-05-22",20.4026
"2015-05-23",20.469
"2015-05-24",20.6217
"2015-05-25",20.6823
"2015-05-26",20.6271
"2015-05-27",20.4363
"2015-05-28",20.373
"2015-05-29",20.2466
"2015-05-30",20.207
"2015-05-31",20.1724
"2015-06-01",20.1212
"2015-06-02",20.1322
"2015-06-03",20.2105
"2015-06-04",20.2113
"2015-06-05",20.5907
"2015-06-06",20.9233
"2015-06-07",21.0136
"2015-06-08",21.1527
"2015-06-09",21.1736
"2015-06-10",21.0792
"2015-06-11",21.1871
"2015-06-12",21.1399
"2015-06-13",20.8896
"2015-06-14",20.6647
"2015-06-15",20.5492
"2015-06-16",20.5101
"2015-06-17",20.4789
"2015-06-18",20.3861
"2015-06-19",20.3352
"2015-06-20",20.3791
"2015-06-21",20.4148
"2015-06-22",20.4849
"2015-06-23",20.5442
"2015-06-24",20.485
"2015-06-25",20.3817
"2015-06-26",20.4319
"2015-06-27",20.4734
"2015-06-28",20.4002
"2015-06-29",20.3393
"2015-06-30",20.5408
"2015-07-01",20.5153
"2015-07-02",20.4542
"2015-07-03",20.3391
"2015-07-04",20.1316
"2015-07-05",20.1576
"2015-07-06",20.1093
"2015-07-07",20.0082
"2015-07-08",19.8723
"2015-07-09",19.6519
"2015-07-10",19.6796
"2015-07-11",19.7744
"2015-07-12",19.7608
"2015-07-13",19.7006
"2015-07-14",19.581
"2015-07-15",19.5659
"2015-07-16",19.5927
"2015-07-17",19.507
"2015-07-18",19.397
"2015-07-19",18.9808
"2015-07-20",18.9271
"2015-07-21",18.9116
"2015-07-22",18.9148
"2015-07-23",18.725
"2015-07-24",18.6264
"2015-07-25",18.6178
"2015-07-26",18.4946
"2015-07-27",18.3648
"2015-07-28",18.2578
"2015-07-29",18.2508
"2015-07-30",18.2961
"2015-07-31",18.2884
"2015-08-01",18.1293
"2015-08-02",18.0194
"2015-08-03",18.0424
"2015-08-04",18.1469
"2015-08-05",18.2595
"2015-08-06",18.3661
"2015-08-07",18.4417
"2015-08-08",18.4399
"2015-08-09",18.2395
"2015-08-10",18.133
"2015-08-11",18.0257
"2015-08-12",18.0697
"2015-08-13",18.0693
"2015-08-14",18.1022
"2015-08-15",18.211
"2015-08-16",18.2318
"2015-08-17",18.2052
"2015-08-18",18.3645
"2015-08-19",18.4466
"2015-08-20",18.3189
"2015-08-21",18.3079
"2015-08-22",18.306
"2015-08-23",18.3706
"2015-08-24",18.3948
"2015-08-25",18.3335
"2015-08-26",18.4241
"2015-08-27",18.4032
"2015-08-28",18.485
"2015-08-29",18.5396
"2015-08-30",18.6548
"2015-08-31",18.6124
"2015-09-01",18.7733
"2015-09-02",18.9875
"2015-09-03",19.0924
"2015-09-04",18.9716
"2015-09-05",18.8331
"2015-09-06",18.901
"2015-09-07",18.9238
"2015-09-08",18.6868
"2015-09-09",18.1772
"2015-09-10",17.9229
"2015-09-11",17.8881
"2015-09-12",18.094
"2015-09-13",18.1417
"2015-09-14",18.1299
"2015-09-15",18.326
"2015-09-16",18.566
"2015-09-17",18.7224
"2015-09-18",18.6557
"2015-09-19",18.7525
"2015-09-20",18.9406
"2015-09-21",19.1636
"2015-09-22",19.2514
"2015-09-23",19.1774
"2015-09-24",19.0926
"2015-09-25",19.0777
"2015-09-26",19.0259
"2015-09-27",18.8465
"2015-09-28",18.6509
"2015-09-29",18.5874
"2015-09-30",18.7311
"2015-10-01",18.9162
"2015-10-02",19.1531
"2015-10-03",19.2889
"2015-10-04",19.3743
"2015-10-05",19.2983
"2015-10-06",19.2755
"2015-10-07",19.2392
"2015-10-08",19.1268
"2015-10-09",19.0259
"2015-10-10",18.9799
"2015-10-11",18.8472
"2015-10-12",18.7209
"2015-10-13",18.6687
"2015-10-14",18.6903
"2015-10-15",18.678
"2015-10-16",18.6983
"2015-10-17",19.0165
"2015-10-18",19.0732
"2015-10-19",19.103
"2015-10-20",19.119
"2015-10-21",19.1254
"2015-10-22",19.2033
"2015-10-23",19.1887
"2015-10-24",19.1403
"2015-10-25",19.2266
"2015-10-26",19.5423
"2015-10-27",19.4888
"2015-10-28",19.4709
"2015-10-29",19.4354
"2015-10-30",19.5272
"2015-10-31",19.5789
"2015-11-01",19.593
"2015-11-02",19.5375
"2015-11-03",19.5833
"2015-11-04",19.6189
"2015-11-05",19.6433
"2015-11-06",19.6787
"2015-11-07",19.6086
"2015-11-08",19.5358
"2015-11-09",19.5738
"2015-11-10",19.5072
"2015-11-11",19.4796
"2015-11-12",19.5726
"2015-11-13",19.7311
"2015-11-14",19.8256
"2015-11-15",19.8231
"2015-11-16",19.7142
"2015-11-17",19.6792
"2015-11-18",19.783
"2015-11-19",19.8568
"2015-11-20",19.742
"2015-11-21",19.6477
"2015-11-22",19.6621
"2015-11-23",19.9904
"2015-11-24",20.2748
"2015-11-25",20.241
"2015-11-26",20.1824
"2015-11-27",20.1672
"2015-11-28",20.091
"2015-11-29",20.0491
"2015-11-30",20.1317
"2015-12-01",20.2458
"2015-12-02",20.412
"2015-12-03",20.5206
"2015-12-04",20.6077
"2015-12-05",20.5384
"2015-12-06",20.5629
"2015-12-07",20.7093
"2015-12-08",21.003
"2015-12-09",21.2247
"2015-12-10",21.2076
"2015-12-11",21.0713
"2015-12-12",21.0379
"2015-12-13",21.1847
"2015-12-14",21.2003
"2015-12-15",21.0169
"2015-12-16",20.9034
"2015-12-17",21.0267
"2015-12-18",21.1046
"2015-12-19",21.1598
"2015-12-20",21.153
"2015-12-21",21.1793
"2015-12-22",21.3178
"2015-12-23",21.4083
"2015-12-24",21.5189
"2015-12-25",21.6929
"2015-12-26",21.885
"2015-12-27",22.1989
"2015-12-28",22.3428
"2015-12-29",22.2239
"2015-12-30",21.908
"2015-12-31",21.761
"2016-01-01",21.7377
"2016-01-02",21.8961
"2016-01-03",21.9112
"2016-01-04",21.8789
"2016-01-05",22.1448
"2016-01-06",22.3002
"2016-01-07",22.2677
"2016-01-08",22.3481
"2016-01-09",22.2704
"2016-01-10",22.1921
"2016-01-11",22.2082
"2016-01-12",22.3149
"2016-01-13",22.253
"2016-01-14",22.1984
"2016-01-15",22.1775
"2016-01-16",22.1719
"2016-01-17",22.4321
"2016-01-18",22.6283
"2016-01-19",22.7937
"2016-01-20",22.8879
"2016-01-21",23.0823
"2016-01-22",23.0849
"2016-01-23",22.9082
"2016-01-24",22.881
"2016-01-25",23.0654
"2016-01-26",23.4151
"2016-01-27",23.3682
"2016-01-28",23.3243
"2016-01-29",23.4773
"2016-01-30",23.5877
"2016-01-31",23.8285
"2016-02-01",23.7763
"2016-02-02",23.6138
"2016-02-03",23.5844
"2016-02-04",23.6387
"2016-02-05",23.4994
"2016-02-06",23.3946
"2016-02-07",23.1652
"2016-02-08",22.944
"2016-02-09",22.8406
"2016-02-10",22.7438
"2016-02-11",22.7685
"2016-02-12",23.0374
"2016-02-13",22.9157
"2016-02-14",22.7351
"2016-02-15",22.5839
"2016-02-16",22.4963
"2016-02-17",22.8084
"2016-02-18",22.931
"2016-02-19",22.8686
"2016-02-20",22.8888
"2016-02-21",23.0665
"2016-02-22",23.4947
"2016-02-23",23.7744
"2016-02-24",23.8643
"2016-02-25",23.9999
"2016-02-26",24.2667
"2016-02-27",24.2737
"2016-02-28",23.9648
"2016-02-29",23.8268
"2016-03-01",23.8721
"2016-03-02",23.8622
"2016-03-03",23.4063
"2016-03-04",23.2494
"2016-03-05",23.304
"2016-03-06",23.5179
"2016-03-07",23.76
"2016-03-08",23.8227
"2016-03-09",23.6428
"2016-03-10",23.5254
"2016-03-11",23.3321
"2016-03-12",23.1148
"2016-03-13",23.0404
"2016-03-14",22.8909
"2016-03-15",22.4558
"2016-03-16",22.3237
"2016-03-17",22.1961
"2016-03-18",22.0267
"2016-03-19",21.8519
"2016-03-20",21.7765
"2016-03-21",21.814
"2016-03-22",21.8628
"2016-03-23",21.8903
"2016-03-24",21.552
"2016-03-25",21.1882
"2016-03-26",21.2482
"2016-03-27",21.3724
"2016-03-28",21.5184
"2016-03-29",21.5148
"2016-03-30",21.4694
"2016-03-31",21.4542
"2016-04-01",21.4221
"2016-04-02",21.3787
"2016-04-03",21.3462
"2016-04-04",21.1901
"2016-04-05",21.1436
"2016-04-06",21.0238
"2016-04-07",20.7654
"2016-04-08",20.5926
"2016-04-09",20.4323
"2016-04-10",20.2265
"2016-04-11",20.1267
"2016-04-12",20.1783
"2016-04-13",20.2847
"2016-04-14",20.0681
"2016-04-15",20.2271
"2016-04-16",20.5413
"2016-04-17",20.6961
"2016-04-18",20.6948
"2016-04-19",20.6496
"2016-04-20",20.2149
"2016-04-21",19.8199
"2016-04-22",19.8929
"2016-04-23",19.6786
"2016-04-24",19.4804
"2016-04-25",19.7023
"2016-04-26",19.6462
"2016-04-27",19.6667
"2016-04-28",19.6872
"2016-04-29",19.7525
"2016-04-30",19.7605
"2016-05-01",19.9728
"2016-05-02",20.0238
"2016-05-03",20.3116
"2016-05-04",19.7287
"2016-05-05",19.6424
"2016-05-06",19.3019
"2016-05-07",19.1899
"2016-05-08",19.1858
"2016-05-09",19.5626
"2016-05-10",19.7682
"2016-05-11",20.069
"2016-05-12",20.0113
"2016-05-13",19.6595
"2016-05-14",19.6658
"2016-05-15",19.8584
"2016-05-16",19.4306
"2016-05-17",19.4326
"2016-05-18",19.0228
"2016-05-19",18.9039
"2016-05-20",18.9006
"2016-05-21",18.8663
"2016-05-22",18.5774
"2016-05-23",18.5194
"2016-05-24",18.7709
"2016-05-25",18.7058
"2016-05-26",18.5021
"2016-05-27",18.5049
"2016-05-28",18.7529
"2016-05-29",18.7286
"2016-05-30",18.5048
"2016-05-31",18.6975
"2016-06-01",18.8048
"2016-06-02",18.476
"2016-06-03",18.5298
"2016-06-04",18.4595
"2016-06-05",18.564
"2016-06-06",18.5448
"2016-06-07",18.2245
"2016-06-08",18.1612
"2016-06-09",18.0276
"2016-06-10",17.8991
"2016-06-11",18.0828
"2016-06-12",18.2839
"2016-06-13",18.7441
"2016-06-14",18.7151
"2016-06-15",18.783
"2016-06-16",18.6983
"2016-06-17",18.5361
"2016-06-18",18.2844
"2016-06-19",18.1937
"2016-06-20",18.0907
"2016-06-21",17.8796
"2016-06-22",17.8888
"2016-06-23",17.7203
"2016-06-24",17.8204
"2016-06-25",17.8453
"2016-06-26",17.4825
"2016-06-27",17.5489
"2016-06-28",17.4382
"2016-06-29",17.2789
"2016-06-30",17.4007
"2016-07-01",17.3921
"2016-07-02",17.6566
"2016-07-03",17.734
"2016-07-04",17.9111
"2016-07-05",17.7568
"2016-07-06",17.6819
"2016-07-07",17.743
"2016-07-08",17.7887
"2016-07-09",17.7569
"2016-07-10",17.8615
"2016-07-11",18.0215
"2016-07-12",18.0483
"2016-07-13",18.055
"2016-07-14",17.9789
"2016-07-15",17.7848
"2016-07-16",17.6258
"2016-07-17",17.4976
"2016-07-18",17.5943
"2016-07-19",17.7151
"2016-07-20",17.9707
"2016-07-21",18.1512
"2016-07-22",18.2584
"2016-07-23",18.3358
"2016-07-24",18.3091
"2016-07-25",18.145
"2016-07-26",17.9452
"2016-07-27",17.7608
"2016-07-28",17.7894
"2016-07-29",17.7036
"2016-07-30",17.8462
"2016-07-31",17.9992
"2016-08-01",17.9425
"2016-08-02",18.0025
"2016-08-03",17.9069
"2016-08-04",17.7732
"2016-08-05",17.8937
"2016-08-06",17.867
"2016-08-07",17.74
"2016-08-08",17.7015
"2016-08-09",17.8528
"2016-08-10",17.9437
"2016-08-11",17.9983
"2016-08-12",18.0386
"2016-08-13",18.0415
"2016-08-14",17.986
"2016-08-15",17.912
"2016-08-16",17.8623
"2016-08-17",17.9523
"2016-08-18",17.9233
"2016-08-19",17.8051
"2016-08-20",17.6274
"2016-08-21",17.6051
"2016-08-22",17.6539
"2016-08-23",17.691
"2016-08-24",17.8631
"2016-08-25",17.8302
"2016-08-26",17.797
"2016-08-27",17.7219
"2016-08-28",17.7362
"2016-08-29",17.6851
"2016-08-30",17.6236
"2016-08-31",17.4826
"2016-09-01",17.5829
"2016-09-02",17.6442
"2016-09-03",17.4588
"2016-09-04",17.396
"2016-09-05",17.4403
"2016-09-06",17.5531
"2016-09-07",17.5015
"2016-09-08",17.5902
"2016-09-09",17.6777
"2016-09-10",17.7772
"2016-09-11",17.7034
"2016-09-12",17.7056
"2016-09-13",17.8175
"2016-09-14",17.768
"2016-09-15",17.7149
"2016-09-16",17.5891
"2016-09-17",17.7252
"2016-09-18",17.7503
"2016-09-19",17.7569
"2016-09-20",17.7133
"2016-09-21",17.6696
"2016-09-22",17.8851
"2016-09-23",18.0627
"2016-09-24",17.9663
"2016-09-25",17.8967
"2016-09-26",17.8869
"2016-09-27",17.9688
"2016-09-28",18.0181
"2016-09-29",18.0255
"2016-09-30",17.9651
"2016-10-01",18.1162
"2016-10-02",18.2366
"2016-10-03",18.1886
"2016-10-04",17.9777
"2016-10-05",17.9473
"2016-10-06",18.1166
"2016-10-07",18.0875
"2016-10-08",18.1881
"2016-10-09",18.4308
"2016-10-10",18.5099
"2016-10-11",18.5872
"2016-10-12",18.5691
"2016-10-13",18.6189
"2016-10-14",18.6346
"2016-10-15",18.5953
"2016-10-16",18.3284
"2016-10-17",18.045
"2016-10-18",17.9615
"2016-10-19",17.7364
"2016-10-20",17.7165
"2016-10-21",17.8808
"2016-10-22",17.9353
"2016-10-23",17.9791
"2016-10-24",17.988
"2016-10-25",18.0853
"2016-10-26",18.2305
"2016-10-27",18.3825
"2016-10-28",18.4376
"2016-10-29",18.2928
"2016-10-30",18.336
"2016-10-31",18.5343
"2016-11-01",18.598
"2016-11-02",18.4257
"2016-11-03",18.2407
"2016-11-04",18.3721
"2016-11-05",18.5756
"2016-11-06",18.7809
"2016-11-07",19.1586
"2016-11-08",19.1547
"2016-11-09",19.2076
"2016-11-10",19.352
"2016-11-11",19.4113
"2016-11-12",19.6956
"2016-11-13",19.834
"2016-11-14",19.8274
"2016-11-15",19.6597
"2016-11-16",19.5961
"2016-11-17",19.3342
"2016-11-18",19.1414
"2016-11-19",19.0446
"2016-11-20",18.9587
"2016-11-21",19.0693
"2016-11-22",19.0498
"2016-11-23",18.5154
"2016-11-24",18.4271
"2016-11-25",18.5901
"2016-11-26",18.5642
"2016-11-27",18.4566
"2016-11-28",18.4969
"2016-11-29",18.724
"2016-11-30",18.8518
"2016-12-01",19.0328
"2016-12-02",19.1093
"2016-12-03",19.151
"2016-12-04",19.0727
"2016-12-05",18.8474
"2016-12-06",18.7612
"2016-12-07",18.6738
"2016-12-08",18.9133
"2016-12-09",18.999
"2016-12-10",18.9499
"2016-12-11",18.6224
"2016-12-12",18.613
"2016-12-13",18.9343
"2016-12-14",19.0964
"2016-12-15",19.1863
"2016-12-16",19.2622
"2016-12-17",19.4855
"2016-12-18",19.5422
"2016-12-19",19.703
"2016-12-20",19.8393
"2016-12-21",19.8139
"2016-12-22",19.893
"2016-12-23",20.0337
"2016-12-24",20.1703
"2016-12-25",20.3353
"2016-12-26",20.5171
"2016-12-27",20.3084
"2016-12-28",20.1274
"2016-12-29",20.0129
"2016-12-30",20.1278
"2016-12-31",20.3417
"2017-01-01",20.1872
"2017-01-02",20.0274
"2017-01-03",19.9777
"2017-01-04",19.9115
"2017-01-05",20.1777
"2017-01-06",20.6534
"2017-01-07",20.8272
"2017-01-08",20.8454
"2017-01-09",21.0407
"2017-01-10",20.8841
"2017-01-11",20.9596
"2017-01-12",20.89
"2017-01-13",21.0621
"2017-01-14",21.0526
"2017-01-15",21.259
"2017-01-16",21.3507
"2017-01-17",21.5261
"2017-01-18",21.6198
"2017-01-19",21.2917
"2017-01-20",21.4704
"2017-01-21",21.7947
"2017-01-22",22.1477
"2017-01-23",22.8372
"2017-01-24",22.4909
"2017-01-25",22.7045
"2017-01-26",22.9914
"2017-01-27",23.0839
"2017-01-28",22.685
"2017-01-29",22.7921
"2017-01-30",22.9025
"2017-01-31",23.0837
"2017-02-01",23.0972
"2017-02-02",23.3908
"2017-02-03",23.5619
"2017-02-04",23.6673
"2017-02-05",22.8957
"2017-02-06",22.8401
"2017-02-07",22.577
"2017-02-08",22.3967
"2017-02-09",22.7278
"2017-02-10",22.4981
"2017-02-11",22.715
"2017-02-12",22.3339
"2017-02-13",22.3088
"2017-02-14",22.417
"2017-02-15",22.9269
"2017-02-16",23.0123
"2017-02-17",22.9981
"2017-02-18",22.9902
"2017-02-19",22.7831
"2017-02-20",22.257
"2017-02-21",22.2616
"2017-02-22",22.6093
"2017-02-23",22.6583
"2017-02-24",22.9905
"2017-02-25",23.3102
"2017-02-26",23.7943
"2017-02-27",24.2664
"2017-02-28",24.4103
"2017-03-01",24.0905
"2017-03-02",23.9942
"2017-03-03",23.8415
"2017-03-04",23.4493
"2017-03-05",23.3403
"2017-03-06",23.3142
"2017-03-07",23.2101
"2017-03-08",23.3418
"2017-03-09",23.6009
"2017-03-10",23.8842
"2017-03-11",23.9843
"2017-03-12",23.9806
"2017-03-13",23.9189
"2017-03-14",23.9315
"2017-03-15",24.1337
"2017-03-16",24.1145
"2017-03-17",24.0286
"2017-03-18",23.9641
"2017-03-19",23.9898
"2017-03-20",23.7684
"2017-03-21",23.2698
"2017-03-22",23.1687
"2017-03-23",23.0601
"2017-03-24",22.9579
"2017-03-25",22.8062
"2017-03-26",22.824
"2017-03-27",22.6995
"2017-03-28",22.6688
"2017-03-29",22.6069
"2017-03-30",22.7197
"2017-03-31",22.5977
"2017-04-01",22.0439
"2017-04-02",21.4794
"2017-04-03",21.0669
"2017-04-04",20.8177
"2017-04-05",20.4271
"2017-04-06",20.2067
"2017-04-07",20.4158
"2017-04-08",20.6346
"2017-04-09",20.5514
"2017-04-10",20.6831
"2017-04-11",20.7021
"2017-04-12",20.7401
"2017-04-13",20.6179
"2017-04-14",20.2792
"2017-04-15",20.0238
"2017-04-16",19.9983
"2017-04-17",20.1286
"2017-04-18",20.2657
"2017-04-19",20.4293
"2017-04-20",20.6765
"2017-04-21",20.7143
"2017-04-22",20.7664
"2017-04-23",20.5497
"2017-04-24",20.2216
"2017-04-25",20.0544
"2017-04-26",20.0288
"2017-04-27",20.2593
"2017-04-28",20.2978
"2017-04-29",20.2598
"2017-04-30",20.4156
"2017-05-01",20.4045
"2017-05-02",20.3047
"2017-05-03",19.977
"2017-05-04",19.9962
"2017-05-05",19.8829
"2017-05-06",19.8286
"2017-05-07",20.0124
"2017-05-08",19.8984
"2017-05-09",20.0184
"2017-05-10",20.4611
"2017-05-11",20.7225
"2017-05-12",20.8665
"2017-05-13",20.5091
"2017-05-14",20.0061
"2017-05-15",20.0669
"2017-05-16",20.0408
"2017-05-17",19.7031
"2017-05-18",19.3277
"2017-05-19",19.0061
"2017-05-20",18.8325
"2017-05-21",18.7823
"2017-05-22",18.8912
"2017-05-23",19.1913
"2017-05-24",19.1947
"2017-05-25",19.2641
"2017-05-26",19.4221
"2017-05-27",19.5909
"2017-05-28",19.5979
"2017-05-29",19.5248
"2017-05-30",19.3723
"2017-05-31",19.2869
"2017-06-01",19.3155
"2017-06-02",19.3752
"2017-06-03",19.4837
"2017-06-04",19.5338
"2017-06-05",19.5238
"2017-06-06",19.5174
"2017-06-07",19.2788
"2017-06-08",19.0504
"2017-06-09",19.0216
"2017-06-10",19.0615
"2017-06-11",19.0206
"2017-06-12",18.976
"2017-06-13",18.886
"2017-06-14",18.9869
"2017-06-15",18.9611
"2017-06-16",18.9328
"2017-06-17",18.6971
"2017-06-18",18.4176
"2017-06-19",18.5377
"2017-06-20",18.62
"2017-06-21",18.691
"2017-06-22",18.7286
"2017-06-23",18.7038
"2017-06-24",18.8984
"2017-06-25",18.9225
"2017-06-26",18.8397
"2017-06-27",18.8075
"2017-06-28",18.7225
"2017-06-29",18.6258
"2017-06-30",18.4395
"2017-07-01",18.3674
"2017-07-02",18.4022
"2017-07-03",18.3426
"2017-07-04",18.0957
"2017-07-05",18.0822
"2017-07-06",18.1692
"2017-07-07",18.1925
"2017-07-08",18.2473
"2017-07-09",18.4148
"2017-07-10",18.3563
"2017-07-11",18.2327
"2017-07-12",18.1982
"2017-07-13",18.2672
"2017-07-14",18.2247
"2017-07-15",18.1626
"2017-07-16",17.9626
"2017-07-17",17.6912
"2017-07-18",17.5974
"2017-07-19",17.5343
"2017-07-20",17.5957
"2017-07-21",17.8624
"2017-07-22",17.7328
"2017-07-23",17.736
"2017-07-24",17.7335
"2017-07-25",17.8033
"2017-07-26",17.9889
"2017-07-27",18.0091
"2017-07-28",17.8852
"2017-07-29",17.6995
"2017-07-30",17.6156
"2017-07-31",17.7424
"2017-08-01",17.7178
"2017-08-02",17.6726
"2017-08-03",17.5678
"2017-08-04",17.4925
"2017-08-05",17.398
"2017-08-06",17.3395
"2017-08-07",17.3383
"2017-08-08",17.2012
"2017-08-09",17.2343
"2017-08-10",17.2655
"2017-08-11",17.2199
"2017-08-12",16.9864
"2017-08-13",16.8523
"2017-08-14",16.783
"2017-08-15",16.6872
"2017-08-16",16.5883
"2017-08-17",16.6608
"2017-08-18",16.7693
"2017-08-19",16.8943
"2017-08-20",16.8412
"2017-08-21",16.9575
"2017-08-22",16.9893
"2017-08-23",16.9494
"2017-08-24",16.9047
"2017-08-25",16.8843
"2017-08-26",16.8801
"2017-08-27",16.8904
"2017-08-28",16.8475
"2017-08-29",16.8447
"2017-08-30",16.9307
"2017-08-31",16.9512
"2017-09-01",17.0012
"2017-09-02",17.0647
"2017-09-03",17.0699
"2017-09-04",16.9053
"2017-09-05",16.8889
"2017-09-06",16.9007
"2017-09-07",16.9558
"2017-09-08",16.9568
"2017-09-09",16.8616
"2017-09-10",16.8677
"2017-09-11",16.7691
"2017-09-12",16.7334
"2017-09-13",16.6935
"2017-09-14",16.4933
"2017-09-15",16.1585
"2017-09-16",16.1106
"2017-09-17",16.2061
"2017-09-18",16.3294
"2017-09-19",16.3271
"2017-09-20",16.1969
"2017-09-21",16.1535
"2017-09-22",16.2305
"2017-09-23",16.2791
"2017-09-24",16.301
"2017-09-25",16.3237
"2017-09-26",16.2885
"2017-09-27",16.4005
"2017-09-28",16.4407
"2017-09-29",16.4824
"2017-09-30",16.4426
"2017-10-01",16.3801
"2017-10-02",16.3265
"2017-10-03",16.4346
"2017-10-04",16.4076
"2017-10-05",16.3886
"2017-10-06",16.4405
"2017-10-07",16.4501
"2017-10-08",16.3822
"2017-10-09",16.5112
"2017-10-10",16.4356
"2017-10-11",16.4306
"2017-10-12",16.5145
"2017-10-13",16.6346
"2017-10-14",16.7797
"2017-10-15",16.8213
"2017-10-16",16.7343
"2017-10-17",16.675
"2017-10-18",16.6133
"2017-10-19",16.7016
"2017-10-20",16.7817
"2017-10-21",16.8276
"2017-10-22",16.8291
"2017-10-23",16.854
"2017-10-24",16.9038
"2017-10-25",16.8969
"2017-10-26",16.9675
"2017-10-27",16.9853
"2017-10-28",16.9922
"2017-10-29",16.8618
"2017-10-30",16.6336
"2017-10-31",16.5287
"2017-11-01",16.4701
"2017-11-02",16.4665
"2017-11-03",16.4469
"2017-11-04",16.4923
"2017-11-05",16.5285
"2017-11-06",16.6203
"2017-11-07",16.5365
"2017-11-08",16.4326
"2017-11-09",16.3864
"2017-11-10",16.5397
"2017-11-11",16.7898
"2017-11-12",16.9633
"2017-11-13",17.1576
"2017-11-14",17.3184
"2017-11-15",17.495
"2017-11-16",17.7008
"2017-11-17",17.7406
"2017-11-18",17.8391
"2017-11-19",17.9485
"2017-11-20",17.8648
"2017-11-21",17.9283
"2017-11-22",18.0458
"2017-11-23",18.1779
"2017-11-24",18.0311
"2017-11-25",17.9284
"2017-11-26",17.8601
"2017-11-27",17.6319
"2017-11-28",17.7737
"2017-11-29",17.873
"2017-11-30",17.7673
"2017-12-01",17.8758
"2017-12-02",17.8615
"2017-12-03",17.7453
"2017-12-04",17.6159
"2017-12-05",17.5199
"2017-12-06",17.5543
"2017-12-07",17.5342
"2017-12-08",17.388
"2017-12-09",17.4176
"2017-12-10",17.7325
"2017-12-11",18.0291
"2017-12-12",17.9307
"2017-12-13",17.7858
"2017-12-14",17.736
"2017-12-15",17.715
"2017-12-16",17.9632
"2017-12-17",18.2517
"2017-12-18",18.5482
"2017-12-19",18.6448
"2017-12-20",18.7328
"2017-12-21",18.9956
"2017-12-22",18.9746
"2017-12-23",18.9408
"2017-12-24",18.947
"2017-12-25",18.9523
"2017-12-26",19.0972
"2017-12-27",19.2672
"2017-12-28",19.2522
"2017-12-29",19.0632
"2017-12-30",19.1916
"2017-12-31",19.4224
"2018-01-01",19.5708
"2018-01-02",19.4524
"2018-01-03",19.2691
"2018-01-04",19.2574
"2018-01-05",19.4268
"2018-01-06",19.4888
"2018-01-07",19.6001
"2018-01-08",19.7153
"2018-01-09",19.7083
"2018-01-10",19.572
"2018-01-11",19.7158
"2018-01-12",19.8865
"2018-01-13",19.9311
"2018-01-14",19.9273
"2018-01-15",20.0761
"2018-01-16",19.9883
"2018-01-17",19.7671
"2018-01-18",19.4726
"2018-01-19",19.4401
"2018-01-20",19.279
"2018-01-21",19.1831
"2018-01-22",19.5134
"2018-01-23",20.046
"2018-01-24",20.2639
"2018-01-25",20.1203
"2018-01-26",19.8446
"2018-01-27",19.7394
"2018-01-28",19.789
"2018-01-29",19.7742
"2018-01-30",19.8941
"2018-01-31",19.8379
"2018-02-01",19.8481
"2018-02-02",19.943
"2018-02-03",20.0172
"2018-02-04",20.0912
"2018-02-05",20.0902
"2018-02-06",20.4524
"2018-02-07",20.4545
"2018-02-08",20.1166
"2018-02-09",20.003
"2018-02-10",20.0543
"2018-02-11",20.292
"2018-02-12",20.3465
"2018-02-13",20.4906
"2018-02-14",20.9892
"2018-02-15",21.432
"2018-02-16",21.4821
"2018-02-17",21.3155
"2018-02-18",20.9929
"2018-02-19",21.1781
"2018-02-20",21.3388
"2018-02-21",21.297
"2018-02-22",21.1201
"2018-02-23",20.9636
"2018-02-24",20.8478
"2018-02-25",20.9515
"2018-02-26",20.7715
"2018-02-27",20.8113
"2018-02-28",20.5338
"2018-03-01",20.1821
"2018-03-02",20.4038
"2018-03-03",20.255
"2018-03-04",20.052
"2018-03-05",19.7962
"2018-03-06",19.8789
"2018-03-07",19.8607
"2018-03-08",19.9601
"2018-03-09",20.0242
"2018-03-10",19.7373
"2018-03-11",19.8103
"2018-03-12",20.1727
"2018-03-13",20.3499
"2018-03-14",20.304
"2018-03-15",20.3062
"2018-03-16",20.3165
"2018-03-17",20.0203
"2018-03-18",19.7881
"2018-03-19",19.8226
"2018-03-20",19.8962
"2018-03-21",19.8968
"2018-03-22",19.9463
"2018-03-23",20.2672
"2018-03-24",20.2249
"2018-03-25",19.9698
"2018-03-26",19.7613
"2018-03-27",19.6206
"2018-03-28",19.5066
"2018-03-29",19.5197
"2018-03-30",19.4711
"2018-03-31",19.4809
"2018-04-01",19.5559
"2018-04-02",19.4719
"2018-04-03",19.5524
"2018-04-04",19.5537
"2018-04-05",19.2858
"2018-04-06",19.0231
"2018-04-07",18.698
"2018-04-08",18.5644
"2018-04-09",18.6282
"2018-04-10",18.6404
"2018-04-11",18.7296
"2018-04-12",18.5731
"2018-04-13",18.5264
"2018-04-14",18.5596
"2018-04-15",18.5695
"2018-04-16",18.4873
"2018-04-17",18.5636
"2018-04-18",18.6335
"2018-04-19",18.5714
"2018-04-20",18.6616
"2018-04-21",18.9092
"2018-04-22",18.8937
"2018-04-23",19.0189
"2018-04-24",19.0103
"2018-04-25",19.1277
"2018-04-26",19.0216
"2018-04-27",19.0167
"2018-04-28",19.0453
"2018-04-29",19.0292
"2018-04-30",18.9321
"2018-05-01",18.8215
"2018-05-02",18.738
"2018-05-03",18.4822
"2018-05-04",18.6613
"2018-05-05",18.8218
"2018-05-06",18.8571
"2018-05-07",18.7757
"2018-05-08",18.7531
"2018-05-09",18.7197
"2018-05-10",18.6629
"2018-05-11",18.349
"2018-05-12",18.0673
"2018-05-13",18.0692
"2018-05-14",18.2048
"2018-05-15",18.2851
"2018-05-16",18.1543
"2018-05-17",17.9785
"2018-05-18",17.8334
"2018-05-19",17.9792
"2018-05-20",18.1979
"2018-05-21",18.2752
"2018-05-22",18.3424
"2018-05-23",18.4626
"2018-05-24",18.4061
"2018-05-25",18.3201
"2018-05-26",18.2115
"2018-05-27",18.1495
"2018-05-28",18.314
"2018-05-29",18.2417
"2018-05-30",18.1718
"2018-05-31",18.1586
"2018-06-01",18.1545
"2018-06-02",18.0576
"2018-06-03",17.9986
"2018-06-04",17.9909
"2018-06-05",17.9796
"2018-06-06",18.0385
"2018-06-07",18.0551
"2018-06-08",18.1724
"2018-06-09",18.2863
"2018-06-10",18.1923
"2018-06-11",18.0802
"2018-06-12",18.0556
"2018-06-13",17.972
"2018-06-14",17.8038
"2018-06-15",17.7615
"2018-06-16",17.8092
"2018-06-17",17.8216
"2018-06-18",17.7567
"2018-06-19",17.6655
"2018-06-20",17.6217
"2018-06-21",17.635
"2018-06-22",17.6283
"2018-06-23",17.5878
"2018-06-24",17.5368
"2018-06-25",17.439
"2018-06-26",17.4035
"2018-06-27",17.3862
"2018-06-28",17.3772
"2018-06-29",17.3514
"2018-06-30",17.4035
"2018-07-01",17.5059
"2018-07-02",17.6044
"2018-07-03",17.5851
"2018-07-04",17.5411
"2018-07-05",17.4934
"2018-07-06",17.4125
"2018-07-07",17.404
"2018-07-08",17.4017
"2018-07-09",17.4121
"2018-07-10",17.362
"2018-07-11",17.3469
"2018-07-12",17.3573
"2018-07-13",17.4464
"2018-07-14",17.4627
"2018-07-15",17.5152
"2018-07-16",17.4592
"2018-07-17",17.4454
"2018-07-18",17.5522
"2018-07-19",17.5461
"2018-07-20",17.5625
"2018-07-21",17.5144
"2018-07-22",17.5257
"2018-07-23",17.5934
"2018-07-24",17.5599
"2018-07-25",17.5139
"2018-07-26",17.4614
"2018-07-27",17.4971
"2018-07-28",17.4616
"2018-07-29",17.3992
"2018-07-30",17.4801
"2018-07-31",17.4567
"2018-08-01",17.4602
"2018-08-02",17.5671
"2018-08-03",17.5585
"2018-08-04",17.4786
"2018-08-05",17.3986
"2018-08-06",17.3066
"2018-08-07",17.2448
"2018-08-08",17.1798
"2018-08-09",17.1236
"2018-08-10",17.1401
"2018-08-11",17.2214
"2018-08-12",17.237
"2018-08-13",17.1835
"2018-08-14",17.182
"2018-08-15",17.1515
"2018-08-16",17.0811
"2018-08-17",16.9843
"2018-08-18",16.9515
"2018-08-19",16.872
"2018-08-20",16.8706
"2018-08-21",16.9239
"2018-08-22",16.9198
"2018-08-23",17.0016
"2018-08-24",16.9485
"2018-08-25",17.0012
"2018-08-26",17.0812
"2018-08-27",17.1254
"2018-08-28",17.1489
"2018-08-29",17.1555
"2018-08-30",17.1649
"2018-08-31",17.0505
"2018-09-01",16.8764
"2018-09-02",16.798
"2018-09-03",16.8314
"2018-09-04",17.109
"2018-09-05",17.2244
"2018-09-06",17.166
"2018-09-07",17.3297
"2018-09-08",17.4977
"2018-09-09",17.4272
"2018-09-10",17.3461
"2018-09-11",17.3056
"2018-09-12",17.3589
"2018-09-13",17.5073
"2018-09-14",17.5816
"2018-09-15",17.5024
"2018-09-16",17.4833
"2018-09-17",17.4846
"2018-09-18",17.4123
"2018-09-19",17.3856
"2018-09-20",17.4902
"2018-09-21",17.6412
"2018-09-22",17.7437
"2018-09-23",17.7127
"2018-09-24",17.5951
"2018-09-25",17.6146
"2018-09-26",17.6354
"2018-09-27",17.6468
"2018-09-28",17.5831
"2018-09-29",17.4671
"2018-09-30",17.3532
"2018-10-01",17.3019
"2018-10-02",17.2319
"2018-10-03",17.3543
"2018-10-04",17.4295
"2018-10-05",17.5984
"2018-10-06",17.7501
"2018-10-07",17.8975
"2018-10-08",18.1613
"2018-10-09",18.3289
"2018-10-10",18.1882
"2018-10-11",18.2209
"2018-10-12",18.2056
"2018-10-13",18.1882
"2018-10-14",18.0597
"2018-10-15",18.0098
"2018-10-16",17.9731
"2018-10-17",18.0424
"2018-10-18",18.0833
"2018-10-19",18.0832
"2018-10-20",18.0001
"2018-10-21",17.5381
"2018-10-22",17.2091
"2018-10-23",17.2122
"2018-10-24",17.2485
"2018-10-25",17.2487
"2018-10-26",17.3336
"2018-10-27",17.417
"2018-10-28",17.4292
"2018-10-29",17.4928
"2018-10-30",17.6669
"2018-10-31",17.7547
"2018-11-01",17.8901
"2018-11-02",18.2069
"2018-11-03",18.3692
"2018-11-04",18.5904
"2018-11-05",18.7539
"2018-11-06",18.7616
"2018-11-07",18.6698
"2018-11-08",18.5392
"2018-11-09",18.5206
"2018-11-10",18.7966
"2018-11-11",19.0929
"2018-11-12",19.0481
"2018-11-13",18.9455
"2018-11-14",19.0146
"2018-11-15",18.9715
"2018-11-16",19.0501
"2018-11-17",18.9663
"2018-11-18",19.015
"2018-11-19",19.1043
"2018-11-20",19.1152
"2018-11-21",19.1772
"2018-11-22",19.4303
"2018-11-23",19.6203
"2018-11-24",19.5077
"2018-11-25",19.5168
"2018-11-26",19.7229
"2018-11-27",19.8084
"2018-11-28",19.8139
"2018-11-29",19.8857
"2018-11-30",19.7914
"2018-12-01",19.6869
"2018-12-02",19.7544
"2018-12-03",20.0076
"2018-12-04",20.066
"2018-12-05",19.9633
"2018-12-06",19.9696
"2018-12-07",19.9875
"2018-12-08",19.9621
"2018-12-09",19.9221
"2018-12-10",19.8306
"2018-12-11",19.8317
"2018-12-12",19.8064
"2018-12-13",20.1303
"2018-12-14",20.4041
"2018-12-15",20.5267
"2018-12-16",20.5398
"2018-12-17",20.5593
"2018-12-18",20.5669
"2018-12-19",20.5429
"2018-12-20",20.6428
"2018-12-21",20.6172
"2018-12-22",20.5825
"2018-12-23",20.5755
"2018-12-24",20.6423
"2018-12-25",20.7086
"2018-12-26",20.8577
"2018-12-27",20.8896
"2018-12-28",20.9011
"2018-12-29",20.9787
"2018-12-30",20.9516
"2018-12-31",20.9375
"2019-01-01",21.0595
"2019-01-02",21.0755
"2019-01-03",20.99
"2019-01-04",21.2444
"2019-01-05",21.5046
"2019-01-06",21.6916
"2019-01-07",21.9242
"2019-01-08",22.1598
"2019-01-09",22.3519
"2019-01-10",22.2493
"2019-01-11",22.2941
"2019-01-12",22.1118
"2019-01-13",21.8649
"2019-01-14",21.4377
"2019-01-15",21.2624
"2019-01-16",21.1511
"2019-01-17",21.1167
"2019-01-18",21.1682
"2019-01-19",21.2347
"2019-01-20",21.2674
"2019-01-21",21.2465
"2019-01-22",21.3748
"2019-01-23",21.4123
"2019-01-24",21.5637
"2019-01-25",21.7416
"2019-01-26",21.9514
"2019-01-27",22.0559
"2019-01-28",22.2383
"2019-01-29",22.6216
"2019-01-30",22.8771
"2019-01-31",22.9904
"2019-02-01",23.0814
"2019-02-02",23.1148
"2019-02-03",23.0839
"2019-02-04",23.2134
"2019-02-05",23.2771
"2019-02-06",23.383
"2019-02-07",23.5873
"2019-02-08",23.7877
"2019-02-09",23.7432
"2019-02-10",23.6259
"2019-02-11",23.5898
"2019-02-12",23.3904
"2019-02-13",23.3575
"2019-02-14",23.2627
"2019-02-15",22.9275
"2019-02-16",22.3582
"2019-02-17",22.0789
"2019-02-18",21.9974
"2019-02-19",22.0436
"2019-02-20",22.2223
"2019-02-21",22.1716
"2019-02-22",22.0719
"2019-02-23",21.905
"2019-02-24",21.8188
"2019-02-25",21.9202
"2019-02-26",21.7427
"2019-02-27",21.6644
"2019-02-28",21.64
"2019-03-01",21.5894
"2019-03-02",21.3398
"2019-03-03",21.056
"2019-03-04",21.0049
"2019-03-05",21.0618
"2019-03-06",21.1212
"2019-03-07",21.434
"2019-03-08",21.3586
"2019-03-09",21.2863
"2019-03-10",21.0735
"2019-03-11",21.3637
"2019-03-12",21.3348
"2019-03-13",21.3025
"2019-03-14",21.4574
"2019-03-15",21.3671
"2019-03-16",21.1328
"2019-03-17",20.9315
"2019-03-18",20.7079
"2019-03-19",20.4105
"2019-03-20",20.1736
"2019-03-21",20.1141
"2019-03-22",19.9761
"2019-03-23",19.8506
"2019-03-24",20.0649
"2019-03-25",20.0498
"2019-03-26",19.963
"2019-03-27",20.1061
"2019-03-28",20.306
"2019-03-29",20.3199
"2019-03-30",20.1635
"2019-03-31",20.0168
"2019-04-01",19.9374
"2019-04-02",19.8854
"2019-04-03",19.9183
"2019-04-04",20.253
"2019-04-05",20.1732
"2019-04-06",20.295
"2019-04-07",20.2163
"2019-04-08",19.8596
"2019-04-09",19.7741
"2019-04-10",19.5879
"2019-04-11",19.4641
"2019-04-12",19.3225
"2019-04-13",19.4326
"2019-04-14",19.5482
"2019-04-15",19.5441
"2019-04-16",19.6112
"2019-04-17",19.8628
"2019-04-18",19.9548
"2019-04-19",20.0058
"2019-04-20",19.8285
"2019-04-21",19.5432
"2019-04-22",19.5984
"2019-04-23",19.8574
"2019-04-24",19.6311
"2019-04-25",19.51
"2019-04-26",19.1819
"2019-04-27",19.1397
"2019-04-28",19.0442
"2019-04-29",19.1942
"2019-04-30",19.2892
"2019-05-01",19.2224
"2019-05-02",19.2631
"2019-05-03",19.2648
"2019-05-04",19.3748
"2019-05-05",19.285
"2019-05-06",19.439
"2019-05-07",19.5745
"2019-05-08",19.6292
"2019-05-09",19.632
"2019-05-10",19.5651
"2019-05-11",19.2694
"2019-05-12",19.2072
"2019-05-13",19.1247
"2019-05-14",19.2941
"2019-05-15",19.366
"2019-05-16",19.4009
"2019-05-17",19.3245
"2019-05-18",19.2994
"2019-05-19",19.26
"2019-05-20",19.2606
"2019-05-21",19.3014
"2019-05-22",19.1637
"2019-05-23",19.1268
"2019-05-24",19.0287
"2019-05-25",18.8081
"2019-05-26",18.7094
"2019-05-27",18.7443
"2019-05-28",18.6848
"2019-05-29",18.4939
"2019-05-30",18.4072
"2019-05-31",18.4225
"2019-06-01",18.3538
"2019-06-02",18.1072
"2019-06-03",17.9362
"2019-06-04",17.9145
"2019-06-05",18.0288
"2019-06-06",18.1988
"2019-06-07",18.3068
"2019-06-08",18.4071
"2019-06-09",18.5031
"2019-06-10",18.5823
"2019-06-11",18.5237
"2019-06-12",18.4963
"2019-06-13",18.4806
"2019-06-14",18.5368
"2019-06-15",18.3181
"2019-06-16",18.1617
"2019-06-17",18.1695
"2019-06-18",18.1448
"2019-06-19",18.0141
"2019-06-20",17.9606
"2019-06-21",18.0483
"2019-06-22",18.0428
"2019-06-23",18.0925
"2019-06-24",18.1456
"2019-06-25",18.1737
"2019-06-26",18.2112
"2019-06-27",18.1932
"2019-06-28",18.1894
"2019-06-29",18.1075
"2019-06-30",18.0085
"2019-07-01",18.0588
"2019-07-02",17.8183
"2019-07-03",17.5185
"2019-07-04",17.3485
"2019-07-05",17.3358
"2019-07-06",17.355
"2019-07-07",17.3803
"2019-07-08",17.3451
"2019-07-09",17.2097
"2019-07-10",17.1659
"2019-07-11",17.3197
"2019-07-12",17.2745
"2019-07-13",17.1095
"2019-07-14",16.9882
"2019-07-15",16.9946
"2019-07-16",16.9063
"2019-07-17",16.751
"2019-07-18",16.6719
"2019-07-19",16.651
"2019-07-20",16.6467
"2019-07-21",16.6647
"2019-07-22",16.5123
"2019-07-23",16.4609
"2019-07-24",16.424
"2019-07-25",16.3848
"2019-07-26",16.2852
"2019-07-27",16.2182
"2019-07-28",16.1328
"2019-07-29",16.0699
"2019-07-30",16.1822
"2019-07-31",16.2376
"2019-08-01",16.3267
"2019-08-02",16.4296
"2019-08-03",16.4933
"2019-08-04",16.6174
"2019-08-05",16.7273
"2019-08-06",16.7051
"2019-08-07",16.6078
"2019-08-08",16.5577
"2019-08-09",16.5448
"2019-08-10",16.4186
"2019-08-11",16.3369
"2019-08-12",16.4341
"2019-08-13",16.5102
"2019-08-14",16.5692
"2019-08-15",16.609
"2019-08-16",16.7619
"2019-08-17",16.7465
"2019-08-18",16.6836
"2019-08-19",16.6796
"2019-08-20",16.6323
"2019-08-21",16.5757
"2019-08-22",16.5553
"2019-08-23",16.4948
"2019-08-24",16.5273
"2019-08-25",16.52
"2019-08-26",16.5686
"2019-08-27",16.5336
"2019-08-28",16.4728
"2019-08-29",16.4683
"2019-08-30",16.5357
"2019-08-31",16.6013
"2019-09-01",16.6047
"2019-09-02",16.5764
"2019-09-03",16.5153
"2019-09-04",16.4341
"2019-09-05",16.5085
"2019-09-06",16.5651
"2019-09-07",16.4793
"2019-09-08",16.3276
"2019-09-09",16.3175
"2019-09-10",16.3609
"2019-09-11",16.3329
"2019-09-12",16.2756
"2019-09-13",16.0713
"2019-09-14",16.0513
"2019-09-15",16.0363
"2019-09-16",16.0457
"2019-09-17",16.0959
"2019-09-18",16.026
"2019-09-19",16.0399
"2019-09-20",16.0657
"2019-09-21",16.0873
"2019-09-22",15.9954
"2019-09-23",15.9734
"2019-09-24",16.1378
"2019-09-25",16.2554
"2019-09-26",16.3002
"2019-09-27",16.3686
"2019-09-28",16.3265
"2019-09-29",16.3481
"2019-09-30",16.3241
"2019-10-01",16.357
"2019-10-02",16.3934
"2019-10-03",16.3926
"2019-10-04",16.3248
"2019-10-05",16.2958
"2019-10-06",16.1227
"2019-10-07",15.9003
"2019-10-08",15.8934
"2019-10-09",15.9555
"2019-10-10",15.9238
"2019-10-11",16.2915
"2019-10-12",16.6415
"2019-10-13",16.8334
"2019-10-14",16.9133
"2019-10-15",17.0754
"2019-10-16",17.0769
"2019-10-17",17.0666
"2019-10-18",16.9689
"2019-10-19",16.865
"2019-10-20",16.7219
"2019-10-21",16.595
"2019-10-22",16.5385
"2019-10-23",16.6059
"2019-10-24",16.5878
"2019-10-25",16.5713
"2019-10-26",16.4894
"2019-10-27",16.458
"2019-10-28",16.6831
"2019-10-29",16.8408
"2019-10-30",16.9381
"2019-10-31",17.1984
"2019-11-01",17.4358
"2019-11-02",17.3827
"2019-11-03",17.1825
"2019-11-04",17.1601
"2019-11-05",17.2282
"2019-11-06",17.3825
"2019-11-07",17.4621
"2019-11-08",17.6222
"2019-11-09",17.7725
"2019-11-10",17.8033
"2019-11-11",17.8324
"2019-11-12",17.8861
"2019-11-13",18.0847
"2019-11-14",18.1402
"2019-11-15",18.2444
"2019-11-16",18.4419
"2019-11-17",18.6128
"2019-11-18",18.775
"2019-11-19",19.042
"2019-11-20",19.2732
"2019-11-21",19.5243
"2019-11-22",19.78
"2019-11-23",19.8705
"2019-11-24",19.4406
"2019-11-25",19.2257
"2019-11-26",19.1051
"2019-11-27",18.9048
"2019-11-28",18.8679
"2019-11-29",18.8949
"2019-11-30",18.7922
"2019-12-01",18.9175
"2019-12-02",19.0866
"2019-12-03",19.151
"2019-12-04",19.3588
"2019-12-05",19.2856
"2019-12-06",19.2311
"2019-12-07",18.9963
"2019-12-08",19.2212
"2019-12-09",19.3642
"2019-12-10",19.3851
"2019-12-11",19.401
"2019-12-12",19.4163
"2019-12-13",19.2392
"2019-12-14",19.0591
"2019-12-15",19.1211
"2019-12-16",19.1799
"2019-12-17",19.438
"2019-12-18",19.7135
"2019-12-19",19.8467
"2019-12-20",19.8066
"2019-12-21",19.763
"2019-12-22",19.7448
"2019-12-23",19.688
"2019-12-24",19.7016
"2019-12-25",19.6714
"2019-12-26",19.6874
"2019-12-27",19.7979
"2019-12-28",19.5486
"2019-12-29",19.388
"2019-12-30",19.5387
"2019-12-31",19.6729
"2020-01-01",19.9287
"2020-01-02",20.4393
"2020-01-03",20.6436
"2020-01-04",20.6895
"2020-01-05",20.7133
"2020-01-06",20.6161
"2020-01-07",20.6863
"2020-01-08",20.9406
"2020-01-09",20.8435
"2020-01-10",20.6006
"2020-01-11",20.3503
"2020-01-12",20.2635
"2020-01-13",20.1851
"2020-01-14",20.2873
"2020-01-15",20.5464
"2020-01-16",20.6067
"2020-01-17",20.5705
"2020-01-18",20.4984
"2020-01-19",20.5674
"2020-01-20",20.7756
"2020-01-21",21.0061
"2020-01-22",21.3668
"2020-01-23",21.6331
"2020-01-24",21.9413
"2020-01-25",22.0677
"2020-01-26",22.1617
"2020-01-27",22.13
"2020-01-28",22.065
"2020-01-29",22.2112
"2020-01-30",21.9118
"2020-01-31",21.5717
"2020-02-01",21.3102
"2020-02-02",21.2933
"2020-02-03",21.3831
"2020-02-04",21.2179
"2020-02-05",21.1731
"2020-02-06",21.3735
"2020-02-07",21.2336
"2020-02-08",21.2951
"2020-02-09",21.1889
"2020-02-10",21.1318
"2020-02-11",21.0982
"2020-02-12",21.1088
"2020-02-13",21.2802
"2020-02-14",21.5731
"2020-02-15",21.5311
"2020-02-16",21.4733
"2020-02-17",21.579
"2020-02-18",21.6923
"2020-02-19",21.6726
"2020-02-20",21.6749
"2020-02-21",21.8171
"2020-02-22",21.9805
"2020-02-23",22.1245
"2020-02-24",22.1952
"2020-02-25",22.0515
"2020-02-26",21.9923
"2020-02-27",21.7279
"2020-02-28",21.5606
"2020-02-29",21.4604
"2020-03-01",21.4039
"2020-03-02",21.2901
"2020-03-03",20.8442
"2020-03-04",20.7974
"2020-03-05",20.8341
"2020-03-06",21.0239
"2020-03-07",21.2257
"2020-03-08",21.5161
"2020-03-09",21.5965
"2020-03-10",21.5089
"2020-03-11",21.3629
"2020-03-12",21.6739
"2020-03-13",21.7995
"2020-03-14",21.5759
"2020-03-15",21.3912
"2020-03-16",21.4112
"2020-03-17",21.4476
"2020-03-18",21.3303
"2020-03-19",21.5538
"2020-03-20",21.7016
"2020-03-21",21.6517
"2020-03-22",21.6501
"2020-03-23",21.6211
"2020-03-24",21.336
"2020-03-25",21.1064
"2020-03-26",20.9818
"2020-03-27",20.8325
"2020-03-28",20.7074
"2020-03-29",20.6671
"2020-03-30",20.481
"2020-03-31",20.5141
"2020-04-01",20.5988
"2020-04-02",20.6515
"2020-04-03",20.488
"2020-04-04",20.4544
"2020-04-05",20.7713
"2020-04-06",20.9194
"2020-04-07",20.8512
"2020-04-08",20.6904
"2020-04-09",20.4381
"2020-04-10",20.1732
"2020-04-11",19.9911
"2020-04-12",19.9086
"2020-04-13",19.32
"2020-04-14",19.1768
"2020-04-15",19.1356
"2020-04-16",19.0963
"2020-04-17",18.9581
"2020-04-18",18.8671
"2020-04-19",19.0773
"2020-04-20",19.0092
"2020-04-21",18.7665
"2020-04-22",18.9443
"2020-04-23",19.1662
"2020-04-24",19.2014
"2020-04-25",19.0896
"2020-04-26",19.1734
"2020-04-27",19.0896
"2020-04-28",19.075
"2020-04-29",19.192
"2020-04-30",19.3923
"2020-05-01",19.6577
"2020-05-02",19.757
"2020-05-03",19.6785
"2020-05-04",19.6011
"2020-05-05",19.6782
"2020-05-06",19.7537
"2020-05-07",19.7503
"2020-05-08",19.6392
"2020-05-09",19.4501
"2020-05-10",19.2647
"2020-05-11",19.039
"2020-05-12",18.9107
"2020-05-13",18.6921
"2020-05-14",18.6151
"2020-05-15",18.622
"2020-05-16",18.6466
"2020-05-17",18.7165
"2020-05-18",18.3484
"2020-05-19",18.2578
"2020-05-20",18.4614
"2020-05-21",18.3551
"2020-05-22",18.1071
"2020-05-23",17.8568
"2020-05-24",18.1042
"2020-05-25",18.4341
"2020-05-26",18.7269
"2020-05-27",18.6915
"2020-05-28",18.6166
"2020-05-29",18.7973
"2020-05-30",18.7745
"2020-05-31",18.6709
"2020-06-01",18.3778
"2020-06-02",18.2082
"2020-06-03",18.1886
"2020-06-04",18.231
"2020-06-05",18.3129
"2020-06-06",18.461
"2020-06-07",18.524
"2020-06-08",18.6146
"2020-06-09",18.366
"2020-06-10",18.2159
"2020-06-11",18.2419
"2020-06-12",18.3412
"2020-06-13",18.3646
"2020-06-14",18.3194
"2020-06-15",18.2724
"2020-06-16",18.0458
"2020-06-17",18.0058
"2020-06-18",18.0226
"2020-06-19",17.8273
"2020-06-20",17.5863
"2020-06-21",17.3325
"2020-06-22",17.2863
"2020-06-23",17.3769
"2020-06-24",17.3689
"2020-06-25",17.1585
"2020-06-26",17.0867
"2020-06-27",17.1854
"2020-06-28",17.2895
"2020-06-29",17.3368
"2020-06-30",17.2025
"2020-07-01",17.0371
"2020-07-02",16.9077
"2020-07-03",16.871
"2020-07-04",16.862
"2020-07-05",16.8401
"2020-07-06",16.8315
"2020-07-07",16.8935
"2020-07-08",16.7798
"2020-07-09",16.575
"2020-07-10",16.3849
"2020-07-11",16.4135
"2020-07-12",16.4833
"2020-07-13",16.5344
"2020-07-14",16.554
"2020-07-15",16.592
"2020-07-16",16.5857
"2020-07-17",16.741
"2020-07-18",16.9369
"2020-07-19",16.9494
"2020-07-20",16.8184
"2020-07-21",16.6707
"2020-07-22",16.6832
"2020-07-23",16.8449
"2020-07-24",16.8655
"2020-07-25",16.8164
"2020-07-26",16.8175
"2020-07-27",16.7722
"2020-07-28",16.552
"2020-07-29",16.6681
"2020-07-30",16.766
"2020-07-31",16.7625
"2020-08-01",16.8577
"2020-08-02",16.9186
"2020-08-03",16.9017
"2020-08-04",16.5994
"2020-08-05",16.5221
"2020-08-06",16.591
"2020-08-07",16.5746
"2020-08-08",16.4739
"2020-08-09",16.5691
"2020-08-10",16.7434
"2020-08-11",16.9533
"2020-08-12",17.2629
"2020-08-13",17.3311
"2020-08-14",17.3783
"2020-08-15",17.4354
"2020-08-16",17.361
"2020-08-17",17.2877
"2020-08-18",17.1978
"2020-08-19",17.0505
"2020-08-20",16.906
"2020-08-21",16.8135
"2020-08-22",16.8898
"2020-08-23",16.9863
"2020-08-24",17.0408
"2020-08-25",17.0634
"2020-08-26",16.9197
"2020-08-27",16.7909
"2020-08-28",16.7193
"2020-08-29",16.7715
"2020-08-30",16.81
"2020-08-31",16.8303
"2020-09-01",16.7025
"2020-09-02",16.5315
"2020-09-03",16.4625
"2020-09-04",16.4859
"2020-09-05",16.3292
"2020-09-06",16.2274
"2020-09-07",16.2061
"2020-09-08",16.2872
"2020-09-09",16.3119
"2020-09-10",16.3029
"2020-09-11",16.2706
"2020-09-12",16.3276
"2020-09-13",16.4844
"2020-09-14",16.6314
"2020-09-15",16.7024
"2020-09-16",16.6791
"2020-09-17",16.6451
"2020-09-18",16.702
"2020-09-19",16.7453
"2020-09-20",16.7453
"2020-09-21",16.7671
"2020-09-22",16.8387
"2020-09-23",16.9541
"2020-09-24",16.9864
"2020-09-25",16.9565
"2020-09-26",16.9126
"2020-09-27",16.8974
"2020-09-28",16.8412
"2020-09-29",16.7732
"2020-09-30",16.7926
"2020-10-01",16.8225
"2020-10-02",16.8962
"2020-10-03",16.9939
"2020-10-04",16.8669
"2020-10-05",16.6001
"2020-10-06",16.5234
"2020-10-07",16.5037
"2020-10-08",16.468
"2020-10-09",16.573
"2020-10-10",16.7739
"2020-10-11",17.2446
"2020-10-12",16.9813
"2020-10-13",17.0739
"2020-10-14",17.2209
"2020-10-15",17.252
"2020-10-16",17.2603
"2020-10-17",17.1772
"2020-10-18",17.2947
"2020-10-19",17.2904
"2020-10-20",17.1232
"2020-10-21",17.138
"2020-10-22",17.1099
"2020-10-23",17.2675
"2020-10-24",17.4314
"2020-10-25",17.3781
"2020-10-26",17.3277
"2020-10-27",17.3286
"2020-10-28",17.3285
"2020-10-29",17.4168
"2020-10-30",17.4839
"2020-10-31",17.5329
"2020-11-01",17.6003
"2020-11-02",17.423
"2020-11-03",17.3241
"2020-11-04",17.2174
"2020-11-05",17.0493
"2020-11-06",17.0398
"2020-11-07",17.3172
"2020-11-08",17.3604
"2020-11-09",17.2182
"2020-11-10",17.2606
"2020-11-11",17.4438
"2020-11-12",17.5516
"2020-11-13",17.4065
"2020-11-14",17.3617
"2020-11-15",17.3606
"2020-11-16",17.4292
"2020-11-17",17.3991
"2020-11-18",17.1189
"2020-11-19",17.0082
"2020-11-20",17.0529
"2020-11-21",17.0114
"2020-11-22",16.9073
"2020-11-23",16.8921
"2020-11-24",16.8148
"2020-11-25",16.8359
"2020-11-26",17.171
"2020-11-27",17.3555
"2020-11-28",17.4461
"2020-11-29",17.5852
"2020-11-30",17.743
"2020-12-01",17.8919
"2020-12-02",18.2341
"2020-12-03",18.5349
"2020-12-04",18.6279
"2020-12-05",18.7533
"2020-12-06",18.8908
"2020-12-07",18.9538
"2020-12-08",19.0596
"2020-12-09",19.2216
"2020-12-10",19.3786
"2020-12-11",19.3613
"2020-12-12",19.2631
"2020-12-13",19.1907
"2020-12-14",19.2513
"2020-12-15",19.3317
"2020-12-16",19.2772
"2020-12-17",19.2206
"2020-12-18",19.2209
"2020-12-19",19.3883
"2020-12-20",19.4652
"2020-12-21",19.4798
"2020-12-22",19.5071
"2020-12-23",19.5114
"2020-12-24",19.5848
"2020-12-25",19.5143
"2020-12-26",19.4264
"2020-12-27",19.4454
"2020-12-28",19.6446
"2020-12-29",19.7073
"2020-12-30",19.687
"2020-12-31",19.6473
"2021-01-01",19.6768
"2021-01-02",19.8181
"2021-01-03",19.8692
"2021-01-04",19.9571
"2021-01-05",20.0711
"2021-01-06",20.2844
"2021-01-07",20.433
"2021-01-08",20.4875
"2021-01-09",20.6124
"2021-01-10",20.6172
"2021-01-11",20.5419
"2021-01-12",20.3436
"2021-01-13",20.2453
"2021-01-14",20.3545
"2021-01-15",20.4612
"2021-01-16",20.9299
"2021-01-17",20.5704
"2021-01-18",20.4178
"2021-01-19",20.464
"2021-01-20",20.4603
"2021-01-21",20.3587
"2021-01-22",20.3829
"2021-01-23",20.1113
"2021-01-24",19.931
"2021-01-25",19.9693
"2021-01-26",20.1997
"2021-01-27",20.4444
"2021-01-28",20.4835
"2021-01-29",20.5299
"2021-01-30",20.5549
"2021-01-31",20.6055
"2021-02-01",20.5043
"2021-02-02",20.6188
"2021-02-03",20.8443
"2021-02-04",20.9329
"2021-02-05",21.0184
"2021-02-06",21.0713
"2021-02-07",21.0541
"2021-02-08",20.847
"2021-02-09",20.5354
"2021-02-10",20.5234
"2021-02-11",20.6992
"2021-02-12",20.6715
"2021-02-13",20.663
"2021-02-14",20.6658
"2021-02-15",20.6063
"2021-02-16",20.5588
"2021-02-17",20.5047
"2021-02-18",20.3887
"2021-02-19",20.4307
"2021-02-20",20.6148
"2021-02-21",20.794
"2021-02-22",20.7893
"2021-02-23",20.6192
"2021-02-24",20.5018
"2021-02-25",20.5972
"2021-02-26",20.8174
"2021-02-27",20.7862
"2021-02-28",20.671
"2021-03-01",20.6922
"2021-03-02",21.0846
"2021-03-03",21.6574
"2021-03-04",21.845
"2021-03-05",21.996
"2021-03-06",22.0788
"2021-03-07",22.0332
"2021-03-08",21.8812
"2021-03-09",21.5877
"2021-03-10",21.3901
"2021-03-11",21.4817
"2021-03-12",21.7165
"2021-03-13",21.8144
"2021-03-14",21.4511
"2021-03-15",21.4942
"2021-03-16",21.4593
"2021-03-17",21.0949
"2021-03-18",21.0366
"2021-03-19",20.3045
"2021-03-20",19.783
"2021-03-21",19.609
"2021-03-22",19.5375
"2021-03-23",19.6306
"2021-03-24",19.4817
"2021-03-25",19.1375
"2021-03-26",19.0915
"2021-03-27",18.9449
"2021-03-28",18.919
"2021-03-29",18.8413
"2021-03-30",18.8564
"2021-03-31",19.0382
"2021-04-01",19.2796
"2021-04-02",19.2241
"2021-04-03",19.2185
"2021-04-04",19.3129
"2021-04-05",19.615
"2021-04-06",19.6822
"2021-04-07",19.6523
"2021-04-08",19.478
"2021-04-09",19.3769
"2021-04-10",19.322
"2021-04-11",18.9038
"2021-04-12",18.6784
"2021-04-13",18.6921
"2021-04-14",18.8487
"2021-04-15",18.9327
"2021-04-16",18.9724
"2021-04-17",18.9704
"2021-04-18",18.955
"2021-04-19",19.1112
"2021-04-20",19.2165
"2021-04-21",19.101
"2021-04-22",18.7059
"2021-04-23",18.4701
"2021-04-24",18.3944
"2021-04-25",18.4495
"2021-04-26",18.4117
"2021-04-27",18.3415
"2021-04-28",18.3583
"2021-04-29",18.4036
"2021-04-30",18.4813
"2021-05-01",18.535
"2021-05-02",18.5449
"2021-05-03",18.4896
"2021-05-04",18.5212
"2021-05-05",18.6556
"2021-05-06",18.7499
"2021-05-07",18.8739
"2021-05-08",18.9341
"2021-05-09",18.8922
"2021-05-10",18.825
"2021-05-11",18.8418
"2021-05-12",18.9056
"2021-05-13",19.0744
"2021-05-14",19.1985
"2021-05-15",19.1373
"2021-05-16",19.136
"2021-05-17",19.0933
"2021-05-18",19.0529
"2021-05-19",19.1074
"2021-05-20",19.0135
"2021-05-21",18.9138
"2021-05-22",18.8928
"2021-05-23",18.9777
"2021-05-24",19.0396
"2021-05-25",18.9392
"2021-05-26",18.8095
"2021-05-27",18.85
"2021-05-28",18.7969
"2021-05-29",18.7909
"2021-05-30",18.7772
"2021-05-31",18.7075
"2021-06-01",18.6707
"2021-06-02",18.6512
"2021-06-03",18.601
"2021-06-04",18.6646
"2021-06-05",18.5934
"2021-06-06",18.5678
"2021-06-07",18.6031
"2021-06-08",18.8697
"2021-06-09",18.8363
"2021-06-10",18.7807
"2021-06-11",18.7695
"2021-06-12",18.7627
"2021-06-13",18.8276
"2021-06-14",18.7875
"2021-06-15",18.8177
"2021-06-16",18.8513
"2021-06-17",18.8208
"2021-06-18",18.5553
"2021-06-19",18.4167
"2021-06-20",18.3366
"2021-06-21",18.269
"2021-06-22",18.2366
"2021-06-23",18.3541
"2021-06-24",18.3241
"2021-06-25",18.1944
"2021-06-26",18.0914
"2021-06-27",17.9888
"2021-06-28",17.9389
"2021-06-29",17.7705
"2021-06-30",17.6523
"2021-07-01",17.6411
"2021-07-02",17.6145
"2021-07-03",17.6885
"2021-07-04",17.7156
"2021-07-05",17.7412
"2021-07-06",17.8097
"2021-07-07",17.8727
"2021-07-08",17.7938
"2021-07-09",17.7038
"2021-07-10",17.7385
"2021-07-11",17.7814
"2021-07-12",17.8176
"2021-07-13",17.8551
"2021-07-14",17.8516
"2021-07-15",17.8757
"2021-07-16",17.8621
"2021-07-17",17.7271
"2021-07-18",17.7106
"2021-07-19",17.725
"2021-07-20",17.7379
"2021-07-21",17.7995
"2021-07-22",17.7368
"2021-07-23",17.7173
"2021-07-24",17.7007
"2021-07-25",17.7408
"2021-07-26",17.8188
"2021-07-27",17.7841
"2021-07-28",17.5867
"2021-07-29",17.4249
"2021-07-30",17.3733
"2021-07-31",17.4592
"2021-08-01",17.359
"2021-08-02",17.3114
"2021-08-03",17.2844
"2021-08-04",17.2901
"2021-08-05",17.2767
"2021-08-06",17.1743
"2021-08-07",17.1203
"2021-08-08",16.9913
"2021-08-09",16.7438
"2021-08-10",16.6674
"2021-08-11",16.4604
"2021-08-12",16.3304
"2021-08-13",16.3795
"2021-08-14",16.4937
"2021-08-15",16.5259
"2021-08-16",16.5517
"2021-08-17",16.6107
"2021-08-18",16.6439
"2021-08-19",16.6407
"2021-08-20",16.6256
"2021-08-21",16.5834
"2021-08-22",16.5295
"2021-08-23",16.5807
"2021-08-24",16.5947
"2021-08-25",16.5798
"2021-08-26",16.4833
"2021-08-27",16.4268
"2021-08-28",16.4397
"2021-08-29",16.5139
"2021-08-30",16.5141
"2021-08-31",16.4776
"2021-09-01",16.4302
"2021-09-02",16.4397
"2021-09-03",16.5034
"2021-09-04",16.635
"2021-09-05",16.6158
"2021-09-06",16.592
"2021-09-07",16.6265
"2021-09-08",16.5657
"2021-09-09",16.4696
"2021-09-10",16.4709
"2021-09-11",16.5048
"2021-09-12",16.5318
"2021-09-13",16.4698
"2021-09-14",16.4154
"2021-09-15",16.4361
"2021-09-16",16.5302
"2021-09-17",16.5776
"2021-09-18",16.5726
"2021-09-19",16.4909
"2021-09-20",16.5471
"2021-09-21",16.5685
"2021-09-22",16.5909
"2021-09-23",16.6303
"2021-09-24",16.6779
"2021-09-25",16.7033
"2021-09-26",16.8044
"2021-09-27",17.0478
"2021-09-28",17.0272
"2021-09-29",16.958
"2021-09-30",16.8897
"2021-10-01",17.0142
"2021-10-02",17.0105
"2021-10-03",16.9155
"2021-10-04",16.8498
"2021-10-05",16.789
"2021-10-06",16.8287
"2021-10-07",16.8633
"2021-10-08",16.8902
"2021-10-09",16.8399
"2021-10-10",16.8057
"2021-10-11",16.7691
"2021-10-12",16.7683
"2021-10-13",16.8075
"2021-10-14",16.679
"2021-10-15",16.537
"2021-10-16",16.549
"2021-10-17",16.5527
"2021-10-18",16.425
"2021-10-19",16.5062
"2021-10-20",16.6003
"2021-10-21",16.6827
"2021-10-22",16.6557
"2021-10-23",16.5285
"2021-10-24",16.3906
"2021-10-25",16.4551
"2021-10-26",16.7652
"2021-10-27",17.0409
"2021-10-28",17.0426
"2021-10-29",17.0148
"2021-10-30",17.165
"2021-10-31",16.8716
"2021-11-01",16.9394
"2021-11-02",16.9435
"2021-11-03",16.9512
"2021-11-04",16.916
"2021-11-05",16.863
"2021-11-06",16.7527
"2021-11-07",16.6977
"2021-11-08",16.8243
"2021-11-09",17.5943
"2021-11-10",16.8398
"2021-11-11",16.8896
"2021-11-12",16.889
"2021-11-13",16.77
"2021-11-14",16.8004
"2021-11-15",16.8212
"2021-11-16",16.7752
"2021-11-17",16.6425
"2021-11-18",16.5915
"2021-11-19",16.5848
"2021-11-20",16.5261
"2021-11-21",16.5666
"2021-11-22",16.6852
"2021-11-23",16.9177
"2021-11-24",17.1803
"2021-11-25",17.4008
"2021-11-26",17.5808
"2021-11-27",17.4838
"2021-11-28",17.3731
"2021-11-29",17.4679
"2021-11-30",17.418
"2021-12-01",17.3379
"2021-12-02",17.2753
"2021-12-03",17.271
"2021-12-04",17.3296
"2021-12-05",17.4472
"2021-12-06",17.7625
"2021-12-07",17.8345
"2021-12-08",17.6219
"2021-12-09",17.8394
"2021-12-10",17.9031
"2021-12-11",17.7809
"2021-12-12",17.7055
"2021-12-13",17.6727
"2021-12-14",17.6562
"2021-12-15",17.6014
"2021-12-16",17.6629
"2021-12-17",17.7183
"2021-12-18",17.6831
"2021-12-19",17.7977
"2021-12-20",17.8306
"2021-12-21",17.8879
"2021-12-22",17.9086
"2021-12-23",18.0958
"2021-12-24",18.3854
"2021-12-25",18.674
"2021-12-26",18.9702
"2021-12-27",19.1083
"2021-12-28",18.9049
"2021-12-29",19.1356
"2021-12-30",19.2451
"2021-12-31",19.272
"2022-01-01",19.224
"2022-01-02",19.2976
"2022-01-03",19.3482
"2022-01-04",19.4133
"2022-01-05",19.4748
"2022-01-06",19.6462
"2022-01-07",19.8405
"2022-01-08",19.9836
"2022-01-09",20.17
"2022-01-10",20.3799
"2022-01-11",20.3213
"2022-01-12",20.3093
"2022-01-13",20.3123
"2022-01-14",20.432
"2022-01-15",20.4558
"2022-01-16",20.5876
"2022-01-17",20.5758
"2022-01-18",20.3639
"2022-01-19",20.2264
"2022-01-20",20.2027
"2022-01-21",20.0728
"2022-01-22",19.9876
"2022-01-23",20.0776
"2022-01-24",19.98
"2022-01-25",19.9437
"2022-01-26",20.003
"2022-01-27",20.0064
"2022-01-28",19.9211
"2022-01-29",19.7601
"2022-01-30",19.74
"2022-01-31",19.6031
"2022-02-01",19.6268
"2022-02-02",19.4604
"2022-02-03",19.2546
"2022-02-04",19.0847
"2022-02-05",18.9156
"2022-02-06",19.4563
"2022-02-07",19.7489
"2022-02-08",19.8597
"2022-02-09",20.0189
"2022-02-10",19.6925
"2022-02-11",19.3429
"2022-02-12",19.3708
"2022-02-13",18.8671
"2022-02-14",19.0865
"2022-02-15",19.0931
"2022-02-16",19.0148
"2022-02-17",19.0135
"2022-02-18",19.1108
"2022-02-19",19.2062
"2022-02-20",19.3165
"2022-02-21",19.2875
"2022-02-22",19.3455
"2022-02-23",19.5256
"2022-02-24",19.5597
"2022-02-25",19.6498
"2022-02-26",19.6445
"2022-02-27",19.375
"2022-02-28",19.3463
"2022-03-01",19.4622
"2022-03-02",19.4867
"2022-03-03",19.6555
"2022-03-04",19.7258
"2022-03-05",19.7626
"2022-03-06",19.7722
"2022-03-07",20.0142
"2022-03-08",20.2229
"2022-03-09",20.0811
"2022-03-10",20.087
"2022-03-11",20.0844
"2022-03-12",20.1274
"2022-03-13",20.1353
"2022-03-14",20.1052
"2022-03-15",20.0347
"2022-03-16",19.7888
"2022-03-17",19.6368
"2022-03-18",19.3792
"2022-03-19",19.2688
"2022-03-20",19.1423
"2022-03-21",19.1909
"2022-03-22",19.0984
"2022-03-23",18.9579
"2022-03-24",18.754
"2022-03-25",18.6051
"2022-03-26",18.4452
"2022-03-27",18.4023
"2022-03-28",18.457
"2022-03-29",18.5012
"2022-03-30",18.4475
"2022-03-31",18.2459
"2022-04-01",18.094
"2022-04-02",18.0775
"2022-04-03",18.0793
"2022-04-04",18.1311
"2022-04-05",18.2878
"2022-04-06",18.3664
"2022-04-07",18.445
"2022-04-08",18.5616
"2022-04-09",18.5827
"2022-04-10",18.6259
"2022-04-11",18.4131
"2022-04-12",18.2493
"2022-04-13",18.046
"2022-04-14",17.9673
"2022-04-15",17.8913
"2022-04-16",17.7495
"2022-04-17",17.53
"2022-04-18",17.5834
"2022-04-19",17.6668
"2022-04-20",17.6702
"2022-04-21",17.5837
"2022-04-22",17.4072
"2022-04-23",17.2898
"2022-04-24",17.1599
"2022-04-25",17.1437
"2022-04-26",17.0435
"2022-04-27",16.9943
"2022-04-28",17.0931
"2022-04-29",17.2329
"2022-04-30",17.2309
"2022-05-01",17.2968
"2022-05-02",17.2873
"2022-05-03",17.3782
"2022-05-04",17.5947
"2022-05-05",17.7838
"2022-05-06",17.8152
"2022-05-07",17.7725
"2022-05-08",17.6144
"2022-05-09",17.4862
"2022-05-10",17.5485
"2022-05-11",17.7532
"2022-05-12",17.8088
"2022-05-13",17.7798
"2022-05-14",17.8446
"2022-05-15",17.8741
"2022-05-16",17.9482
"2022-05-17",17.9715
"2022-05-18",17.93
"2022-05-19",17.9667
"2022-05-20",17.7621
"2022-05-21",17.2797
"2022-05-22",17.0318
"2022-05-23",16.9825
"2022-05-24",16.9707
"2022-05-25",16.9634
"2022-05-26",16.9342
"2022-05-27",17.1442
"2022-05-28",16.9037
"2022-05-29",16.8982
"2022-05-30",16.7401
"2022-05-31",16.5688
"2022-06-01",16.418
"2022-06-02",16.206
"2022-06-03",16.2185
"2022-06-04",16.3197
"2022-06-05",16.1875
"2022-06-06",16.1016
"2022-06-07",16.0207
"2022-06-08",15.9117
"2022-06-09",15.8831
"2022-06-10",15.8122
"2022-06-11",15.8303
"2022-06-12",15.8838
"2022-06-13",16.0138
"2022-06-14",16.0561
"2022-06-15",16.1396
"2022-06-16",16.1066
"2022-06-17",15.9818
"2022-06-18",16.0448
"2022-06-19",16.1631
"2022-06-20",16.135
"2022-06-21",16.1508
"2022-06-22",16.2758
"2022-06-23",16.361
"2022-06-24",16.4837
"2022-06-25",16.6402
"2022-06-26",16.6526
"2022-06-27",16.5385
"2022-06-28",16.4679
"2022-06-29",16.4679
"2022-06-30",16.5032
"2022-07-01",16.5005
"2022-07-02",16.3706
"2022-07-03",16.2422
"2022-07-04",16.2057
"2022-07-05",16.2908
"2022-07-06",16.3934
"2022-07-07",16.4543
"2022-07-08",16.4079
"2022-07-09",16.2324
"2022-07-10",16.1725
"2022-07-11",16.2915
"2022-07-12",16.3509
"2022-07-13",16.3594
"2022-07-14",16.1991
"2022-07-15",15.9375
"2022-07-16",15.8629
"2022-07-17",15.8672
"2022-07-18",15.8749
"2022-07-19",15.8423
"2022-07-20",15.9004
"2022-07-21",15.9881
"2022-07-22",15.9406
"2022-07-23",15.9183
"2022-07-24",15.9081
"2022-07-25",15.8612
"2022-07-26",15.9437
"2022-07-27",15.8707
"2022-07-28",15.6897
"2022-07-29",15.7346
"2022-07-30",15.9535
"2022-07-31",15.9021
"2022-08-01",15.7957
"2022-08-02",15.855
"2022-08-03",15.7977
"2022-08-04",15.8185
"2022-08-05",15.7963
"2022-08-06",15.7495
"2022-08-07",15.6663
"2022-08-08",15.5782
"2022-08-09",15.5888
"2022-08-10",15.7153
"2022-08-11",15.8825
"2022-08-12",15.8282
"2022-08-13",15.904
"2022-08-14",16.0355
"2022-08-15",16.0164
"2022-08-16",15.8757
"2022-08-17",15.7701
"2022-08-18",15.7044
"2022-08-19",15.8564
"2022-08-20",15.9397
"2022-08-21",15.8651
"2022-08-22",15.7854
"2022-08-23",15.7652
"2022-08-24",15.8556
"2022-08-25",15.9675
"2022-08-26",16.0413
"2022-08-27",16.0047
"2022-08-28",15.9781
"2022-08-29",16.0198
"2022-08-30",16.0656
"2022-08-31",16.0516
"2022-09-01",16.0968
"2022-09-02",16.0694
"2022-09-03",16.0403
"2022-09-04",16.0697
"2022-09-05",16.1866
"2022-09-06",16.2099
"2022-09-07",16.3256
"2022-09-08",16.2852
"2022-09-09",16.1732
"2022-09-10",16.1392
"2022-09-11",16.0593
"2022-09-12",16.032
"2022-09-13",15.8536
"2022-09-14",15.8175
"2022-09-15",15.8823
"2022-09-16",15.9276
"2022-09-17",15.9362
"2022-09-18",15.8419
"2022-09-19",15.6863
"2022-09-20",15.6065
"2022-09-21",15.4433
"2022-09-22",15.4349
"2022-09-23",15.4893
"2022-09-24",15.5917
"2022-09-25",15.6146
"2022-09-26",15.5997
"2022-09-27",15.5436
"2022-09-28",15.5537
"2022-09-29",15.5141
"2022-09-30",15.4104
"2022-10-01",15.4779
"2022-10-02",15.4996
"2022-10-03",15.3904
"2022-10-04",15.3591
"2022-10-05",15.354
"2022-10-06",15.3544
"2022-10-07",15.342
"2022-10-08",15.316
"2022-10-09",15.5549
"2022-10-10",15.6827
"2022-10-11",15.7164
"2022-10-12",15.6359
"2022-10-13",15.481
"2022-10-14",15.6278
"2022-10-15",15.7009
"2022-10-16",15.6701
"2022-10-17",15.7448
"2022-10-18",15.8537
"2022-10-19",15.913
"2022-10-20",15.9173
"2022-10-21",15.7969
"2022-10-22",15.6598
"2022-10-23",15.5487
"2022-10-24",15.4588
"2022-10-25",15.3981
"2022-10-26",15.4084
"2022-10-27",15.385
"2022-10-28",15.358
"2022-10-29",15.3621
"2022-10-30",15.4764
"2022-10-31",15.5053
"2022-11-01",15.441
"2022-11-02",15.7362
"2022-11-03",15.9355
"2022-11-04",15.9927
"2022-11-05",16.0002
"2022-11-06",15.9611
"2022-11-07",15.9495
"2022-11-08",16.2086
"2022-11-09",16.475
"2022-11-10",16.5089
"2022-11-11",16.4749
"2022-11-12",16.4535
"2022-11-13",16.6343
"2022-11-14",16.7522
"2022-11-15",16.8431
"2022-11-16",16.9062
"2022-11-17",16.9599
"2022-11-18",16.9261
"2022-11-19",16.8258
"2022-11-20",16.7323
"2022-11-21",16.8427
"2022-11-22",17.0093
"2022-11-23",17.1737
"2022-11-24",17.3534
"2022-11-25",17.4928
"2022-11-26",17.597
"2022-11-27",17.7761
"2022-11-28",18.0602
"2022-11-29",18.2844
"2022-11-30",18.2945
"2022-12-01",18.1999
"2022-12-02",18.15
"2022-12-03",18.0452
"2022-12-04",18.0606
"2022-12-05",18.1569
"2022-12-06",18.2246
"2022-12-07",18.2254
"2022-12-08",18.3126
"2022-12-09",18.4005
"2022-12-10",18.4532
"2022-12-11",18.5994
"2022-12-12",18.9436
"2022-12-13",19.36
"2022-12-14",19.5306
"2022-12-15",19.5352
"2022-12-16",19.529
"2022-12-17",19.5236
"2022-12-18",19.5976
"2022-12-19",19.6361
"2022-12-20",19.5118
"2022-12-21",19.3431
"2022-12-22",19.2609
"2022-12-23",19.1836
"2022-12-24",19.0495
"2022-12-25",18.9529
"2022-12-26",18.7371
"2022-12-27",18.5876
"2022-12-28",18.3823
"2022-12-29",18.2875
"2022-12-30",18.3206
"2022-12-31",18.234
"2023-01-01",18.121
"2023-01-02",18.1302
"2023-01-03",17.9114
"2023-01-04",18.0805
"2023-01-05",18.0839
"2023-01-06",18.1575
"2023-01-07",18.1683
"2023-01-08",18.2655
"2023-01-09",18.4573
"2023-01-10",18.6945
"2023-01-11",18.8635
"2023-01-12",18.976
"2023-01-13",18.9686
"2023-01-14",18.9026
"2023-01-15",18.7396
"2023-01-16",18.618
"2023-01-17",18.6364
"2023-01-18",18.6113
"2023-01-19",18.7535
"2023-01-20",18.7617
"2023-01-21",18.9519
"2023-01-22",19.146
"2023-01-23",19.2574
"2023-01-24",19.3375
"2023-01-25",19.431
"2023-01-26",19.5928
"2023-01-27",19.5763
"2023-01-28",19.5164
"2023-01-29",19.5007
"2023-01-30",19.5832
"2023-01-31",19.8176
"2023-02-01",19.8998
"2023-02-02",19.9209
"2023-02-03",19.9381
"2023-02-04",20.202
"2023-02-05",20.5226
"2023-02-06",20.8405
"2023-02-07",21.0476
"2023-02-08",21.2001
"2023-02-09",21.2775
"2023-02-10",21.2519
"2023-02-11",21.2752
"2023-02-12",21.4657
"2023-02-13",21.6385
"2023-02-14",21.7002
"2023-02-15",21.9006
"2023-02-16",21.9042
"2023-02-17",21.8655
"2023-02-18",22.0783
"2023-02-19",22.1267
"2023-02-20",21.901
"2023-02-21",22.0704
"2023-02-22",22.346
"2023-02-23",22.1884
"2023-02-24",21.62
"2023-02-25",21.5702
"2023-02-26",21.8635
"2023-02-27",21.6637
"2023-02-28",21.7092
"2023-03-01",21.5364
"2023-03-02",21.3896
"2023-03-03",21.3929
"2023-03-04",21.2653
"2023-03-05",21.3411
"2023-03-06",21.6283
"2023-03-07",21.8729
"2023-03-08",22.0759
"2023-03-09",22.2295
"2023-03-10",22.2227
"2023-03-11",22.287
"2023-03-12",22.1251
"2023-03-13",22.2552
"2023-03-14",22.2931
"2023-03-15",22.2889
"2023-03-16",22.2748
"2023-03-17",22.3271
"2023-03-18",22.4091
"2023-03-19",22.5928
"2023-03-20",22.8433
"2023-03-21",22.9426
"2023-03-22",22.9454
"2023-03-23",22.9203
"2023-03-24",22.9895
"2023-03-25",23.0973
"2023-03-26",23.0644
"2023-03-27",23.0702
"2023-03-28",23.174
"2023-03-29",23.4127
"2023-03-30",23.5751
"2023-03-31",23.6178
"2023-04-01",23.6294
"2023-04-02",23.6861
"2023-04-03",23.6694
"2023-04-04",23.5709
"2023-04-05",23.4586
"2023-04-06",23.4024
"2023-04-07",23.3743
"2023-04-08",23.4745
"2023-04-09",23.4528
"2023-04-10",23.3399
"2023-04-11",23.2136
"2023-04-12",23.0374
"2023-04-13",22.9569
"2023-04-14",22.9089
"2023-04-15",22.9226
"2023-04-16",22.7773
"2023-04-17",22.5661
"2023-04-18",22.3715
"2023-04-19",22.1109
"2023-04-20",21.9966
"2023-04-21",21.8857
"2023-04-22",21.8326
"2023-04-23",21.7228
"2023-04-24",21.595
"2023-04-25",21.4971
"2023-04-26",21.5681
"2023-04-27",21.7314
"2023-04-28",21.811
"2023-04-29",21.8514
"2023-04-30",21.919
"2023-05-01",21.9149
"2023-05-02",21.7342
"2023-05-03",21.5172
"2023-05-04",21.3117
"2023-05-05",21.2617
"2023-05-06",21.2288
"2023-05-07",21.2747
"2023-05-08",21.1811
"2023-05-09",21.0532
"2023-05-10",20.8873
"2023-05-11",20.7098
"2023-05-12",20.7914
"2023-05-13",20.9156
"2023-05-14",21.0789
"2023-05-15",21.1274
"2023-05-16",21.1075
"2023-05-17",21.0433
"2023-05-18",20.9841
"2023-05-19",20.9856
"2023-05-20",20.8784
"2023-05-21",20.7355
"2023-05-22",20.7282
"2023-05-23",20.7834
"2023-05-24",20.8201
"2023-05-25",20.8982
"2023-05-26",20.8872
"2023-05-27",20.8585
"2023-05-28",21.0174
"2023-05-29",21.0912
"2023-05-30",21.0313
"2023-05-31",20.9834
"2023-06-01",21.0031
"2023-06-02",20.998
"2023-06-03",20.9811
"2023-06-04",21.026
"2023-06-05",21.1593
"2023-06-06",21.3073
"2023-06-07",21.4103
"2023-06-08",21.4264
"2023-06-09",21.4682
"2023-06-10",21.3702
"2023-06-11",21.2989
"2023-06-12",21.2238
"2023-06-13",21.0846
"2023-06-14",20.9412
"2023-06-15",20.8749
"2023-06-16",21.0085
"2023-06-17",21.1054
"2023-06-18",21.0135
"2023-06-19",20.9056
"2023-06-20",20.7058
"2023-06-21",20.648
"2023-06-22",20.6284
"2023-06-23",20.6743
"2023-06-24",20.7492
"2023-06-25",20.7723
"2023-06-26",20.7282
"2023-06-27",20.7448
"2023-06-28",20.7875
"2023-06-29",20.7034
"2023-06-30",20.7427
"2023-07-01",20.9263
"2023-07-02",20.9083
"2023-07-03",20.8516
"2023-07-04",20.8257
"2023-07-05",20.7831
"2023-07-06",20.7225
"2023-07-07",20.5785
"2023-07-08",20.5875
"2023-07-09",20.5745
"2023-07-10",20.5357
"2023-07-11",20.603
"2023-07-12",20.6041
"2023-07-13",20.463
"2023-07-14",20.4862
"2023-07-15",20.496
"2023-07-16",20.4992
"2023-07-17",20.6099
"2023-07-18",20.5128
"2023-07-19",20.4438
"2023-07-20",20.5093
"2023-07-21",20.4643
"2023-07-22",20.311
"2023-07-23",20.2001
"2023-07-24",20.1919
"2023-07-25",20.104
"2023-07-26",19.9626
"2023-07-27",19.9681
"2023-07-28",19.8688
"2023-07-29",19.8217
"2023-07-30",19.8946
"2023-07-31",19.9047